powiat,Województwo,Bezrobotni_średnia_powiaty,Ceny mieszkan,Dochody na mieszkanca,Wynagrodzenie,Rozwody_średnia_powiaty,Przestepstwa_średnia_powiaty
nowosądecki,małopolskie,0.3653931352771075,0.5154476287428498,0.2831521108888367,-1.1156196680859067,-1.1591842789334148,2.72487136471714
tarnowski,małopolskie,-0.3179192324367194,0.08037719518999772,-0.7662379513561234,-1.1362846326018041,-0.7471170164950539,-0.38976775300926
gorzowski,lubuskie,-0.9099947474901551,-0.036018629740850905,-0.14345257879650564,0.39576084828916525,-0.5046298955212177,-0.29622676028469785
koniński,wielkopolskie,0.3391342969566992,-1.0209689837983746,-0.2739654908797546,-1.0730303291994965,-0.34226412940451967,-0.7890383337127089
poznański,wielkopolskie,-1.3579359440587098,1.7920220803191067,0.3556422223232594,-0.02381775313488194,-0.38289411132567885,-0.4673053394371596
koszaliński,zachodniopomorskie,0.861271782061882,0.9863555063784637,0.24464208195159126,-0.30652865824591896,-0.38553319189392155,-0.461364905293605
drawski,zachodniopomorskie,1.1196293235468402,-0.9721511567741659,-0.3239265224403229,-0.6622853349247347,-0.4456638665042379,0.052634005421946864
myśliborski,zachodniopomorskie,-0.48378642415039447,-0.5940923307632902,-0.06408528475209965,-0.5076085189774241,0.21919379572616332,0.04502826796847404
wałecki,zachodniopomorskie,-0.31490421350597986,-0.31164140503633403,-0.5454770990576476,-0.1968358337254879,-0.06584441439741683,0.10218970917534068
dzierżoniowski,dolnośląskie,-0.954512785649715,-1.2414285801535325,-0.9091012743147182,-0.17649015621498682,0.7351550026416704,-0.23358411296428092
ząbkowicki,dolnośląskie,-0.03406178234364945,-1.2394835918488099,-0.48648907979689376,-0.4131882562150912,-0.5871406368677241,-0.1571971913845037
włocławski,kujawsko-pomorskie,3.0033889415235056,-1.3790261570301876,-0.13455721181612823,-0.7205374752425067,0.6491310887973215,-0.5657964569410998
bydgoski,kujawsko-pomorskie,-0.8394680707075081,0.7364176120999563,0.11016957988077525,-0.0655201836729704,1.6494306247386077,-0.44650178945638996
Skierniewice,łódzkie,-0.30234075839542096,0.7960777143547465,1.9695096782527592,-0.17359883499945775,0.5809218664387364,0.13584653225846455
Biała Podlaska,lubelskie,1.3582993107258918,-0.11010751048315807,1.6763245248797656,-0.5059411312825783,0.5637864548167794,-0.043258135555311064
Piekary Śląskie,śląskie,-0.36383944416260855,-0.6698641091876978,0.2874297842826071,1.038272732147363,0.017238372905029522,9.996146805013144
nowotarski,małopolskie,-0.46905070743739957,1.3411020612192595,-0.34348316772517307,-0.8064256796939837,-0.7618844785409998,-0.5987435233807331
białostocki,podlaskie,0.36180435432904984,0.3272113847269265,-0.7538217301208728,-0.5914745723947271,-0.5525149827370254,-0.5303087307138101
łomżyński,podlaskie,-0.4319576318551157,0.25738492516305406,-0.20233091412408655,0.6834207019838359,-0.7557969772133959,-0.7540509759879186
krakowski,małopolskie,-0.6514649256678594,2.1404784602169697,-0.12181193878135772,1.7725441537229285,-0.7245211238553981,-0.2801585878894748
Tarnów,małopolskie,-0.24240758387603104,0.229879204031019,1.803546918967808,1.4901702737842548,0.5528169702233647,0.29885991631326275
Gorzów Wielkopolski,lubuskie,-1.215203161590891,0.15514199385380426,1.646940199182562,-0.0014499245902083202,-0.4003904961712686,0.5196902212939346
częstochowski,śląskie,-0.44925737538165167,-1.0317146993258848,-0.7575180786688235,-0.3296414898031846,-0.4354206651047981,-0.7021635258081388
Leszno,wielkopolskie,-0.8340728887928266,0.4297715836319822,2.520956620676277,0.061094852133440944,0.9324377546863094,0.7603718967860988
pilski,wielkopolskie,-0.7863811346101998,0.4204190866773584,-0.6923000120038096,0.24660060226841526,-0.07081583916369825,-0.08585141583649013
Zamość,lubelskie,0.9014919895045598,0.5874121960175875,2.7367597591953063,0.3968783528080492,1.2787912782683468,-0.19848809587624755
Przemyśl,podkarpackie,2.081656985119884,-0.26220283706380954,1.5439689227192002,-0.47316099872860773,0.24716776079597189,-0.3602071728447536
opolski,opolskie,0.3328651334789212,-0.7205303648135579,-1.0256733584916045,-0.12348851331927962,1.1991895162434878,0.26723637884873325
opolski,opolskie,0.3328651334789212,-0.7205303648135579,-1.0256733584916045,-0.12348851331927962,-0.6365999061965109,0.26723637884873325
opolski,opolskie,-0.7102132266098767,-0.7205303648135579,-1.0256733584916045,-0.12348851331927962,1.1991895162434878,0.26723637884873325
opolski,opolskie,-0.7102132266098767,-0.7205303648135579,-1.0256733584916045,-0.12348851331927962,-0.6365999061965109,0.26723637884873325
opolski,opolskie,0.3328651334789212,-0.7205303648135579,-1.0256733584916045,-0.12348851331927962,1.1991895162434878,-0.6381223727619486
opolski,opolskie,0.3328651334789212,-0.7205303648135579,-1.0256733584916045,-0.12348851331927962,-0.6365999061965109,-0.6381223727619486
opolski,opolskie,-0.7102132266098767,-0.7205303648135579,-1.0256733584916045,-0.12348851331927962,1.1991895162434878,-0.6381223727619486
opolski,opolskie,-0.7102132266098767,-0.7205303648135579,-1.0256733584916045,-0.12348851331927962,-0.6365999061965109,-0.6381223727619486
opolski,lubelskie,1.1192721894772777,-1.027162599038236,-0.41999867950706643,-0.9531557968403307,-0.2396188591472867,-0.45190141904527453
opolski,lubelskie,1.1192721894772777,-1.027162599038236,-0.41999867950706643,-0.9531557968403307,-1.325129126329199,-0.45190141904527453
opolski,lubelskie,-0.333884977320716,-1.027162599038236,-0.41999867950706643,-0.9531557968403307,-0.2396188591472867,-0.45190141904527453
opolski,lubelskie,-0.333884977320716,-1.027162599038236,-0.41999867950706643,-0.9531557968403307,-1.325129126329199,-0.45190141904527453
opolski,lubelskie,1.1192721894772777,-1.027162599038236,-0.41999867950706643,-0.9531557968403307,-0.2396188591472867,-0.9822595043083365
opolski,lubelskie,1.1192721894772777,-1.027162599038236,-0.41999867950706643,-0.9531557968403307,-1.325129126329199,-0.9822595043083365
opolski,lubelskie,-0.333884977320716,-1.027162599038236,-0.41999867950706643,-0.9531557968403307,-0.2396188591472867,-0.9822595043083365
opolski,lubelskie,-0.333884977320716,-1.027162599038236,-0.41999867950706643,-0.9531557968403307,-1.325129126329199,-0.9822595043083365
Słupsk,pomorskie,-0.8554511404309244,0.1400235032014921,1.7831457073975208,0.09259783666582781,1.1965877147567385,-0.01170468901121045
lubelski,lubelskie,-0.5894256135372445,1.8925407312163682,-0.4406302273370173,-0.951843172484815,-0.1658263263611015,-0.8169706924026428
chrzanowski,małopolskie,-0.3566878403084937,-0.32031798406945844,-1.2149549219692604,0.21816632062121924,0.4003503725632673,-0.0867196696810982
Gliwice,śląskie,-0.9277864324149776,0.7592194962680876,3.2783680528131525,2.4377963676320986,0.8652924067577503,0.7992249584275658
Zabrze,śląskie,-0.8004777670922231,-0.49834648804641174,0.8075071218184792,0.7856102818774674,0.5705904679646467,0.26997233541795146
Chorzów,śląskie,-0.9630988126217614,0.08167385405981283,1.129100413883431,0.21468963989579795,0.15017390426007807,0.4049437546159954
Katowice,śląskie,-1.274476793968142,1.0368838195713648,2.4817994565333064,3.0797761064813027,0.2293470113661286,1.0903759092300283
Mysłowice,śląskie,-0.5808863764389519,0.10770359115918605,0.7738780279074581,-0.046061414510792646,1.055122665827077,0.3019999972435757
Ruda Śląska,śląskie,-1.474306663894865,-0.724585872342554,0.6336580877383464,0.047028485729057684,0.410165395906731,5.5160761400215605
Siemianowice Śląskie,śląskie,-1.104491717983,-0.04498488788318932,0.8764873473913474,0.3831312734090623,0.3090554537004602,0.6240811161221121
Świętochłowice,śląskie,-0.9327323762420676,-0.3067996256394713,0.6836300876922323,-0.32024026131097383,-0.34626658058087545,0.46727065862009803
Jastrzębie-Zdrój,śląskie,-0.7294272668404593,-0.7800939073652768,0.908844107677555,6.363234979137139,-0.3605472845102915,0.1503503959922619
Rybnik,śląskie,-0.919607285660071,-0.11587350418084648,1.5759527576326184,0.3513444782052127,-0.6544287081557209,0.021991439129064868
Krosno,podkarpackie,-0.857504054982037,-0.09989977044418819,3.335228203770339,-0.6470305113336002,0.6936477360256054,12.406953392779068
Żory,śląskie,-1.073788001722546,0.1449756365447221,0.8483095449590528,-0.015143789488296387,-0.4644352404419473,-0.009688999922504788
Sosnowiec,śląskie,-0.5486017460121445,-0.4476940266638476,0.4321357973185186,0.38870105783652337,0.47036189848475307,0.7408504967991844
mikołowski,śląskie,-1.0083833447509163,0.05600276728613312,0.2247783216538553,0.3774373218128367,-0.03251837987435472,1.139472182533235
Tychy,śląskie,-1.178393089731318,0.7064289271746582,1.9840647361848947,0.8507625691451814,0.2925871390366897,-0.05544587931038765
Świnoujście,zachodniopomorskie,-1.038477636806966,2.7670819619334663,9.815179481372683,1.2913076839235555,1.0033888618704652,0.042849034098815575
Tarnobrzeg,podkarpackie,0.09306352499573806,-0.4863868791088619,1.9560404912590434,-0.37506893540422337,0.2378422162797819,0.1283113472278865
wołowski,dolnośląskie,1.4751342789806847,-0.31703495416503297,-0.46499102889487065,1.9825285742715832,0.8145680621432229,-0.36300947797588584
Wrocław,dolnośląskie,-1.0263311320931678,2.4814997429783396,1.7874124123979735,2.3963245332645737,1.6766682352068356,0.6886686370195549
Bydgoszcz,kujawsko-pomorskie,-0.9265156054585852,1.1274982037821664,1.0232554183709213,0.8203416127977464,1.671381453416087,0.12642589757535
Toruń,kujawsko-pomorskie,-0.4371835501464881,1.536566488722237,1.2244376885979116,0.961289087513037,0.018066187541634766,0.3117767701346141
chełmiński,kujawsko-pomorskie,1.1842980616737198,-0.676388786266661,-0.5402561438385858,-0.5278300293191591,-0.7854035838018146,-0.48349857004582986
Płock,mazowieckie,0.6707116513998415,0.16190117306879784,4.000494163648087,3.079953488150968,0.774839638793111,0.010635779970078635
bocheński,małopolskie,-0.9783768979100177,0.17787490680545615,-0.09096881677294465,-0.4714403965328631,-1.0661070441437142,-0.02027856724751341
miechowski,małopolskie,-0.4974005243624136,-0.2298553365349117,-0.42052516238629917,-0.6645912966303715,-0.427753830966732,-0.15600599076511842
myślenicki,małopolskie,-1.2834470292232727,1.310133985019952,-0.20844030920185494,-0.4691699111611599,-0.758772167303694,-0.6699018591155713
proszowicki,małopolskie,-0.5306774056815937,-0.06804886267394293,-0.2245419105917376,-0.27323411884992177,-0.769689827804135,-0.918357905670493
wielicki,małopolskie,-0.5281081831282215,1.271565280764601,0.09316857023886951,0.4581459815101147,-0.5387484012721147,-0.2507704102832363
Kraków,małopolskie,-0.7871678617547971,3.0723761545584414,1.865924171763626,3.0022603168379836,0.933331057628334,0.2502657814333516
gorlicki,małopolskie,-0.39329171346682734,-0.4491838049398054,0.39262764458939264,-1.1194156358167244,-0.6899777039896904,0.40243487359697927
limanowski,małopolskie,0.07989437395902033,0.012840580013245546,0.0364729451814437,-1.1112560790121637,-1.1933160148143966,-0.6201383936440988
Nowy Sącz,małopolskie,-0.9857818348490383,0.6013995587196355,2.3532060132805954,-0.5689825766812874,0.10135046125439537,0.7949576435344691
olkuski,małopolskie,0.33455650282900445,-0.1892450842717666,-0.6357250392728744,0.2324987595301,-0.36562912181767593,-0.24386838364379085
oświęcimski,małopolskie,-0.5298416547366487,-0.0018778775834853716,-0.4258338647519009,0.21646345659244143,-0.006715876782089933,-0.07894027688965506
wadowicki,małopolskie,-0.4306976827775115,0.4916663533007091,-0.5931896099881573,-0.58966527936415,-1.1431979621509432,-0.6207517883298052
brzeski,małopolskie,-0.5114328336019051,-0.048971424195705944,-0.51000531506931,-0.9665126365660572,-0.9016278412594092,0.5134272114458925
brzeski,małopolskie,-0.5114328336019051,-0.048971424195705944,-0.51000531506931,-0.9665126365660572,-0.8479261894809433,0.5134272114458925
brzeski,małopolskie,-0.4677046224524881,-0.048971424195705944,-0.51000531506931,-0.9665126365660572,-0.9016278412594092,0.5134272114458925
brzeski,małopolskie,-0.4677046224524881,-0.048971424195705944,-0.51000531506931,-0.9665126365660572,-0.8479261894809433,0.5134272114458925
brzeski,małopolskie,-0.5114328336019051,-0.048971424195705944,-0.51000531506931,-0.9665126365660572,-0.9016278412594092,0.5884149138533008
brzeski,małopolskie,-0.5114328336019051,-0.048971424195705944,-0.51000531506931,-0.9665126365660572,-0.8479261894809433,0.5884149138533008
brzeski,małopolskie,-0.4677046224524881,-0.048971424195705944,-0.51000531506931,-0.9665126365660572,-0.9016278412594092,0.5884149138533008
brzeski,małopolskie,-0.4677046224524881,-0.048971424195705944,-0.51000531506931,-0.9665126365660572,-0.8479261894809433,0.5884149138533008
brzeski,opolskie,-0.3168280209293506,-0.43198238354981155,-0.890476942461843,0.06286866883008442,0.012407054183096875,-0.2224247392040275
brzeski,opolskie,-0.3168280209293506,-0.43198238354981155,-0.890476942461843,0.06286866883008442,0.10068374203810951,-0.2224247392040275
brzeski,opolskie,-0.26573852800352427,-0.43198238354981155,-0.890476942461843,0.06286866883008442,0.012407054183096875,-0.2224247392040275
brzeski,opolskie,-0.26573852800352427,-0.43198238354981155,-0.890476942461843,0.06286866883008442,0.10068374203810951,-0.2224247392040275
brzeski,opolskie,-0.3168280209293506,-0.43198238354981155,-0.890476942461843,0.06286866883008442,0.012407054183096875,-0.17527197818406037
brzeski,opolskie,-0.3168280209293506,-0.43198238354981155,-0.890476942461843,0.06286866883008442,0.10068374203810951,-0.17527197818406037
brzeski,opolskie,-0.26573852800352427,-0.43198238354981155,-0.890476942461843,0.06286866883008442,0.012407054183096875,-0.17527197818406037
brzeski,opolskie,-0.26573852800352427,-0.43198238354981155,-0.890476942461843,0.06286866883008442,0.10068374203810951,-0.17527197818406037
dąbrowski,małopolskie,1.0934248047828836,-0.6190461168855829,-0.9847612514178569,-0.646445151823708,-1.1879693171296035,-0.4513170364670884
aleksandrowski,kujawsko-pomorskie,1.6017261553666948,-0.4390036533874273,-0.444381417851554,-1.1545017300763318,1.1019247887553056,0.6159930805002451
suski,małopolskie,-0.730613506282663,-0.04243295287344685,-0.4719888638313455,-0.5444506917667082,-1.3960112674214908,-0.6051158085935678
tatrzański,małopolskie,0.6947598331134784,4.881932578601886,0.5145303679185158,-0.23883981310200425,-0.03140478814520472,0.2980562683479038
nowodworski,pomorskie,-0.6289913602065579,0.9447658628413094,-0.2238289650261087,-0.0967748338678282,-1.3394295073102636,-0.8176194984153426
nowodworski,pomorskie,-0.6289913602065579,0.9447658628413094,-0.2238289650261087,-0.0967748338678282,-0.13077512987047882,-0.8176194984153426
nowodworski,pomorskie,0.6493146358127986,0.9447658628413094,-0.2238289650261087,-0.0967748338678282,-1.3394295073102636,-0.8176194984153426
nowodworski,pomorskie,0.6493146358127986,0.9447658628413094,-0.2238289650261087,-0.0967748338678282,-0.13077512987047882,-0.8176194984153426
nowodworski,pomorskie,-0.6289913602065579,0.9447658628413094,-0.2238289650261087,-0.0967748338678282,-1.3394295073102636,-0.015827761835202875
nowodworski,pomorskie,-0.6289913602065579,0.9447658628413094,-0.2238289650261087,-0.0967748338678282,-0.13077512987047882,-0.015827761835202875
nowodworski,pomorskie,0.6493146358127986,0.9447658628413094,-0.2238289650261087,-0.0967748338678282,-1.3394295073102636,-0.015827761835202875
nowodworski,pomorskie,0.6493146358127986,0.9447658628413094,-0.2238289650261087,-0.0967748338678282,-0.13077512987047882,-0.015827761835202875
nowodworski,mazowieckie,0.07695148180805605,0.5405807400279892,0.0611518301455004,2.317726715436301,0.32746531782216265,0.20921183643687014
nowodworski,mazowieckie,0.07695148180805605,0.5405807400279892,0.0611518301455004,2.317726715436301,3.588021312776,0.20921183643687014
nowodworski,mazowieckie,2.2242536721656943,0.5405807400279892,0.0611518301455004,2.317726715436301,0.32746531782216265,0.20921183643687014
nowodworski,mazowieckie,2.2242536721656943,0.5405807400279892,0.0611518301455004,2.317726715436301,3.588021312776,0.20921183643687014
nowodworski,mazowieckie,0.07695148180805605,0.5405807400279892,0.0611518301455004,2.317726715436301,0.32746531782216265,2.2750046636257006
nowodworski,mazowieckie,0.07695148180805605,0.5405807400279892,0.0611518301455004,2.317726715436301,3.588021312776,2.2750046636257006
nowodworski,mazowieckie,2.2242536721656943,0.5405807400279892,0.0611518301455004,2.317726715436301,0.32746531782216265,2.2750046636257006
nowodworski,mazowieckie,2.2242536721656943,0.5405807400279892,0.0611518301455004,2.317726715436301,3.588021312776,2.2750046636257006
bielski,śląskie,0.2625130432885651,0.4943562307434106,-0.1488709650952803,0.05355613117270618,5.148518395823424,2.3723611619540774
bielski,śląskie,0.2625130432885651,0.4943562307434106,-0.1488709650952803,0.05355613117270618,0.12511566626523027,2.3723611619540774
bielski,śląskie,-1.035369948101566,0.4943562307434106,-0.1488709650952803,0.05355613117270618,5.148518395823424,2.3723611619540774
bielski,śląskie,-1.035369948101566,0.4943562307434106,-0.1488709650952803,0.05355613117270618,0.12511566626523027,2.3723611619540774
bielski,śląskie,0.2625130432885651,0.4943562307434106,-0.1488709650952803,0.05355613117270618,5.148518395823424,-0.21090705931935533
bielski,śląskie,0.2625130432885651,0.4943562307434106,-0.1488709650952803,0.05355613117270618,0.12511566626523027,-0.21090705931935533
bielski,śląskie,-1.035369948101566,0.4943562307434106,-0.1488709650952803,0.05355613117270618,5.148518395823424,-0.21090705931935533
bielski,śląskie,-1.035369948101566,0.4943562307434106,-0.1488709650952803,0.05355613117270618,0.12511566626523027,-0.21090705931935533
bielski,podlaskie,-0.34013145522413296,-0.09143010506050235,-0.5075374265729043,1.3447882573273555,-0.8873608891638,-0.5792790306152886
bielski,podlaskie,-0.34013145522413296,-0.09143010506050235,-0.5075374265729043,1.3447882573273555,-1.8516748059986317,-0.5792790306152886
bielski,podlaskie,-1.2327400157543777,-0.09143010506050235,-0.5075374265729043,1.3447882573273555,-0.8873608891638,-0.5792790306152886
bielski,podlaskie,-1.2327400157543777,-0.09143010506050235,-0.5075374265729043,1.3447882573273555,-1.8516748059986317,-0.5792790306152886
bielski,podlaskie,-0.34013145522413296,-0.09143010506050235,-0.5075374265729043,1.3447882573273555,-0.8873608891638,-1.1775887861615024
bielski,podlaskie,-0.34013145522413296,-0.09143010506050235,-0.5075374265729043,1.3447882573273555,-1.8516748059986317,-1.1775887861615024
bielski,podlaskie,-1.2327400157543777,-0.09143010506050235,-0.5075374265729043,1.3447882573273555,-0.8873608891638,-1.1775887861615024
bielski,podlaskie,-1.2327400157543777,-0.09143010506050235,-0.5075374265729043,1.3447882573273555,-1.8516748059986317,-1.1775887861615024
cieszyński,śląskie,-0.525768315936037,0.391354616052886,-0.28314603608638356,-0.2288354869329361,0.23183398423543186,-0.1829055647313992
żywiecki,śląskie,-0.2550380458784103,-0.10634168206337595,-0.5429104950213856,0.3934371484165616,-0.01938586467279444,-0.5446567657666604
Bielsko-Biała,śląskie,-1.0480295241813664,0.9052453557985407,2.3347242705408466,0.9436041350475011,0.5250024854988611,0.5804143551484637
lubliniecki,śląskie,-0.3785484523425474,-0.5603929943913937,0.09866373529086639,-0.22993525328485487,-0.11641748563319008,-0.37994880376954143
tarnogórski,śląskie,-0.41523211549626593,0.2495635892142758,-0.06211097395497491,0.12181259765954627,0.4390513270734376,-0.24339910368892154
Bytom,śląskie,-0.29968259718960705,-0.99804295144058,0.7667266354645398,0.5814085037598709,0.06962813354172077,0.6091920614620925
kłobucki,śląskie,-0.14735528147461854,-0.43098919803250635,-0.6403427328594824,-1.2457113846177392,-0.35001523513359256,-0.746303817740822
myszkowski,śląskie,-0.5350422760672048,-0.8344018432212559,-0.7151252384972322,-0.4562920019435279,0.2614556075150867,0.038184409911521694
Częstochowa,śląskie,-0.9054267571874648,0.4628363848122671,0.9176626959047113,0.15257057917934436,0.46616051094407845,0.34052213227277933
gliwicki,śląskie,-0.9703371263485872,-0.35127226602546985,-0.28792825557275253,-0.16519094385736807,0.15757990456326165,-0.12768169241914745
raciborski,śląskie,-0.6204996435558059,-0.8335466001369097,-0.6910825203455822,0.7264534950444069,-1.1320510645568973,0.04662744428809294
rybnicki,śląskie,-0.9302185954300057,-0.807737570930271,-0.5501496346108427,-0.18268077648627215,-0.8149698346266651,-0.519194120704129
wodzisławski,śląskie,-0.6593235798162006,-0.9717097409886969,-0.585358177159564,-0.827658265552805,-0.7867028527784524,-0.4278451186240789
będziński,śląskie,-0.7150547356718354,-0.40322138627784904,-0.3021871668853186,-0.25906132344374083,0.236750626600144,1.6172631125795698
zawierciański,śląskie,-0.46838293343124504,-1.011575104113863,-0.6628498759467015,0.3755925524483275,0.051769397317870815,-0.1418865686435793
Dąbrowa Górnicza,śląskie,-0.5982041587220062,0.02002738077041219,2.0007805676005486,1.8128807454046023,0.7002695368782765,1.4189172169162079
Jaworzno,śląskie,-0.8845727279468955,-0.09029897711023813,1.1922454542114649,2.104815497338185,1.0803673465478205,-0.11961771120303845
pszczyński,śląskie,-1.020643807595113,-0.09527869894005993,-0.07849775357110812,-0.2046938416916174,-0.3875251126222357,-0.4798564729519555
bieruńsko-lędziński,śląskie,-1.2960910152906198,-0.27483836392285876,-0.24183906685321147,-0.24944723694793305,0.134787444628187,-0.42467853222662366
międzyrzecki,lubuskie,0.006692871259512607,-0.45009422499733515,-0.1849131055361211,-0.3899512574890627,-0.8414247234378733,-0.03322867512969009
słubicki,lubuskie,-1.2088528844560125,-0.06937311003034984,0.20895093009690663,-0.5479628488260632,-0.0811744168569569,0.8057645323915176
strzelecko-drezdenecki,lubuskie,-0.1263545563176278,-0.8196833856245249,-0.08444262274911653,-0.40719275578043607,-0.7679861947786697,0.11968361491785227
sulęciński,lubuskie,-0.7597796102436868,-0.6481243817533512,0.4557726849174254,-0.881067886288741,-0.7762208948788621,0.7800812800861312
krośnieński,lubuskie,-0.23069085225201375,-0.5763667281280519,-0.859710599206653,-0.04363128563638967,-0.6022886425649494,0.5792430598142162
krośnieński,lubuskie,-0.23069085225201375,-0.5763667281280519,-0.859710599206653,-0.04363128563638967,-1.4818877326235274,0.5792430598142162
krośnieński,lubuskie,-0.9658616911630405,-0.5763667281280519,-0.859710599206653,-0.04363128563638967,-0.6022886425649494,0.5792430598142162
krośnieński,lubuskie,-0.9658616911630405,-0.5763667281280519,-0.859710599206653,-0.04363128563638967,-1.4818877326235274,0.5792430598142162
krośnieński,lubuskie,-0.23069085225201375,-0.5763667281280519,-0.859710599206653,-0.04363128563638967,-0.6022886425649494,-0.4688043106906119
krośnieński,lubuskie,-0.23069085225201375,-0.5763667281280519,-0.859710599206653,-0.04363128563638967,-1.4818877326235274,-0.4688043106906119
krośnieński,lubuskie,-0.9658616911630405,-0.5763667281280519,-0.859710599206653,-0.04363128563638967,-0.6022886425649494,-0.4688043106906119
krośnieński,lubuskie,-0.9658616911630405,-0.5763667281280519,-0.859710599206653,-0.04363128563638967,-1.4818877326235274,-0.4688043106906119
krośnieński,podkarpackie,0.2186029347749579,-1.1893553117114901,-0.2499008359414704,-1.3113958168944475,1.050605991353679,0.10497894931038092
krośnieński,podkarpackie,0.2186029347749579,-1.1893553117114901,-0.2499008359414704,-1.3113958168944475,-0.6747614545304548,0.10497894931038092
krośnieński,podkarpackie,-0.746466688812713,-1.1893553117114901,-0.2499008359414704,-1.3113958168944475,1.050605991353679,0.10497894931038092
krośnieński,podkarpackie,-0.746466688812713,-1.1893553117114901,-0.2499008359414704,-1.3113958168944475,-0.6747614545304548,0.10497894931038092
krośnieński,podkarpackie,0.2186029347749579,-1.1893553117114901,-0.2499008359414704,-1.3113958168944475,1.050605991353679,-0.7003925913280616
krośnieński,podkarpackie,0.2186029347749579,-1.1893553117114901,-0.2499008359414704,-1.3113958168944475,-0.6747614545304548,-0.7003925913280616
krośnieński,podkarpackie,-0.746466688812713,-1.1893553117114901,-0.2499008359414704,-1.3113958168944475,1.050605991353679,-0.7003925913280616
krośnieński,podkarpackie,-0.746466688812713,-1.1893553117114901,-0.2499008359414704,-1.3113958168944475,-0.6747614545304548,-0.7003925913280616
nowosolski,lubuskie,-0.7373951561262955,-0.5961200845277883,-0.5870034361571677,-0.2918769323316451,-0.0702563236690245,0.545799429474235
świebodziński,lubuskie,-0.8110217502890283,-0.3990555248024857,0.08901154917159068,-0.2317622844823972,-0.144572224712042,-0.06932058934021854
zielonogórski,lubuskie,-0.45648338180380266,-0.5844777431860443,-0.3381415601796196,0.4399998367034527,-0.09038809977608792,0.0303875246301375
żagański,lubuskie,-0.7382631979896975,-1.047702227305839,-0.48597356531097763,-0.5420205628923069,-0.36994633551818684,0.5331533212625288
żarski,lubuskie,-0.7083888381144188,-0.4203814249379552,-0.5129996864449494,0.45656728465010304,0.07375938207490187,0.29281196520595154
wschowski,lubuskie,0.0649524549490704,-0.9198020034662053,-0.8863528265745169,-0.5653817287871016,-0.40752452334885797,0.17188620520293546
Zielona Góra,lubuskie,-1.0559558886379883,0.5150200072006768,1.3531517841771143,0.7505064494508931,0.155783270578567,0.7992961696470098
jarociński,wielkopolskie,-0.9392588259195177,-0.55538568407498,-0.5115957321003278,-1.0582899124503902,0.28746123830411496,-0.5828692516706928
kaliski,wielkopolskie,-1.1490227869431595,0.5521954928831414,-0.37010345830640273,-1.0544939447195725,-0.07271773359090192,-0.8956904955757172
kępiński,wielkopolskie,-1.1039802918435555,0.03311811765822629,0.5519654943106606,-1.627720548406878,-0.1700601069345323,-0.2823556979957701
Gdańsk,pomorskie,-0.785891420877729,3.2519634080278323,2.2281553610693914,3.016965257253158,0.06509430787119865,0.4417692020710177
krotoszyński,wielkopolskie,-0.8669604317239051,-0.28824636840647866,-0.8917273393000221,-1.3640426964508254,0.14157041242736595,-0.3502215898761372
Gdynia,pomorskie,-1.1405305082942485,3.76520581833858,1.7267571973529807,1.8784055341786117,0.06256485441897937,0.07702152128559128
ostrowski,wielkopolskie,-0.5595842300234724,-0.18861054908015495,-0.3222044846894979,-0.43921014715485107,3.3923541992348842,1.1296744875370803
ostrowski,wielkopolskie,-0.5595842300234724,-0.18861054908015495,-0.3222044846894979,-0.43921014715485107,0.23628575980979427,1.1296744875370803
ostrowski,wielkopolskie,-1.1715359104949856,-0.18861054908015495,-0.3222044846894979,-0.43921014715485107,3.3923541992348842,1.1296744875370803
ostrowski,wielkopolskie,-1.1715359104949856,-0.18861054908015495,-0.3222044846894979,-0.43921014715485107,0.23628575980979427,1.1296744875370803
ostrowski,wielkopolskie,-0.5595842300234724,-0.18861054908015495,-0.3222044846894979,-0.43921014715485107,3.3923541992348842,-0.3057456059659217
ostrowski,wielkopolskie,-0.5595842300234724,-0.18861054908015495,-0.3222044846894979,-0.43921014715485107,0.23628575980979427,-0.3057456059659217
ostrowski,wielkopolskie,-1.1715359104949856,-0.18861054908015495,-0.3222044846894979,-0.43921014715485107,3.3923541992348842,-0.3057456059659217
ostrowski,wielkopolskie,-1.1715359104949856,-0.18861054908015495,-0.3222044846894979,-0.43921014715485107,0.23628575980979427,-0.3057456059659217
ostrowski,mazowieckie,0.7148282208795375,-0.21735775210882152,-0.154069983527709,-0.24707032257443054,-0.11602938212708512,0.2718702593294193
ostrowski,mazowieckie,0.7148282208795375,-0.21735775210882152,-0.154069983527709,-0.24707032257443054,-1.3341610605016812,0.2718702593294193
ostrowski,mazowieckie,-0.601074632566808,-0.21735775210882152,-0.154069983527709,-0.24707032257443054,-0.11602938212708512,0.2718702593294193
ostrowski,mazowieckie,-0.601074632566808,-0.21735775210882152,-0.154069983527709,-0.24707032257443054,-1.3341610605016812,0.2718702593294193
ostrowski,mazowieckie,0.7148282208795375,-0.21735775210882152,-0.154069983527709,-0.24707032257443054,-0.11602938212708512,-0.6897218421434653
ostrowski,mazowieckie,0.7148282208795375,-0.21735775210882152,-0.154069983527709,-0.24707032257443054,-1.3341610605016812,-0.6897218421434653
ostrowski,mazowieckie,-0.601074632566808,-0.21735775210882152,-0.154069983527709,-0.24707032257443054,-0.11602938212708512,-0.6897218421434653
ostrowski,mazowieckie,-0.601074632566808,-0.21735775210882152,-0.154069983527709,-0.24707032257443054,-1.3341610605016812,-0.6897218421434653
ostrzeszowski,wielkopolskie,-0.6821679019502489,-0.2573472634236509,-0.022624758012484193,-0.5337013625850497,-0.10054011695655186,-0.5154676471914763
Sopot,pomorskie,-1.2127159226970115,7.388208643034914,5.810981038184555,3.0853813672426975,-0.4437645756141655,2.015639772481025
chojnicki,pomorskie,0.44093486953153654,0.18151658703557513,1.2073708685961022,-0.6988791733764897,0.5187569906186956,-0.13899622673200163
pleszewski,wielkopolskie,-0.7588436448480919,0.026883119688477106,-0.2745358473322577,-0.5644593441048478,-0.39411478146791684,-0.5555628881285959
Kalisz,wielkopolskie,-0.9477799620518678,-0.07545637132384406,1.7532458672144011,-0.1271603138813311,0.6439575710093496,0.28461094940222237
gnieźnieński,wielkopolskie,-1.0317147117066214,0.07898397661711129,-0.4003433186823599,-0.2321347859886924,-0.6012279201836949,-0.38246241611197396
kolski,wielkopolskie,-1.1321288403650727,-0.4155948225142761,-0.538556042874395,0.18779857877468317,0.06121799205896782,-0.19337173074202577
słupecki,wielkopolskie,-0.06823040852216958,-0.5948234256579732,-0.33271220548752733,-0.1762063455435241,-0.6952152479006857,-0.15363101847604055
turecki,wielkopolskie,-0.952713243354248,-0.6303022194150415,-0.30945921165472745,-0.928499744756987,-0.11758744764176379,0.3690154312613393
wrzesiński,wielkopolskie,-0.8084035745018305,0.004095029763641608,-0.28823537058563825,-0.017272369524268232,-0.18327728856354464,-0.6393598962105228
Konin,wielkopolskie,0.1956409769729674,-0.18601723134052475,3.4703807462268323,0.12126271448358769,0.3658680520196285,0.12260242424887934
gostyński,wielkopolskie,-0.2819553478391906,0.29127738094109334,-0.3868741316886439,-0.1616255722971143,-0.24391309202638245,-0.5264130522569714
grodziski,wielkopolskie,-1.2287856446332264,-0.2335246052516225,-0.6668752762941722,-0.6326448579238222,-1.4713474774295392,-0.8390732679976521
grodziski,wielkopolskie,-1.2287856446332264,-0.2335246052516225,-0.6668752762941722,-0.6326448579238222,-0.7495282277237363,-0.8390732679976521
grodziski,wielkopolskie,-0.8562565519051762,-0.2335246052516225,-0.6668752762941722,-0.6326448579238222,-1.4713474774295392,-0.8390732679976521
grodziski,wielkopolskie,-0.8562565519051762,-0.2335246052516225,-0.6668752762941722,-0.6326448579238222,-0.7495282277237363,-0.8390732679976521
grodziski,wielkopolskie,-1.2287856446332264,-0.2335246052516225,-0.6668752762941722,-0.6326448579238222,-1.4713474774295392,-0.30413697443410687
grodziski,wielkopolskie,-1.2287856446332264,-0.2335246052516225,-0.6668752762941722,-0.6326448579238222,-0.7495282277237363,-0.30413697443410687
grodziski,wielkopolskie,-0.8562565519051762,-0.2335246052516225,-0.6668752762941722,-0.6326448579238222,-1.4713474774295392,-0.30413697443410687
grodziski,wielkopolskie,-0.8562565519051762,-0.2335246052516225,-0.6668752762941722,-0.6326448579238222,-0.7495282277237363,-0.30413697443410687
grodziski,mazowieckie,-1.094790476185997,2.4637465518565094,1.0337960443489036,1.7238174090661336,0.5496485121694349,0.06258698534984662
grodziski,mazowieckie,-1.094790476185997,2.4637465518565094,1.0337960443489036,1.7238174090661336,2.9877935333979244,0.06258698534984662
grodziski,mazowieckie,-0.6084663229783172,2.4637465518565094,1.0337960443489036,1.7238174090661336,0.5496485121694349,0.06258698534984662
grodziski,mazowieckie,-0.6084663229783172,2.4637465518565094,1.0337960443489036,1.7238174090661336,2.9877935333979244,0.06258698534984662
grodziski,mazowieckie,-1.094790476185997,2.4637465518565094,1.0337960443489036,1.7238174090661336,0.5496485121694349,1.363255985926366
grodziski,mazowieckie,-1.094790476185997,2.4637465518565094,1.0337960443489036,1.7238174090661336,2.9877935333979244,1.363255985926366
grodziski,mazowieckie,-0.6084663229783172,2.4637465518565094,1.0337960443489036,1.7238174090661336,0.5496485121694349,1.363255985926366
grodziski,mazowieckie,-0.6084663229783172,2.4637465518565094,1.0337960443489036,1.7238174090661336,2.9877935333979244,1.363255985926366
kościański,wielkopolskie,-1.108477822080862,0.02515883927648895,-0.07776287121884502,-0.36710449843629456,-0.12381986838214377,-0.5970843980908445
leszczyński,wielkopolskie,-1.0877054514017828,0.2906566399927776,0.03741622700673618,0.29034292200764306,-0.5468240164897276,-0.8043516248232462
międzychodzki,wielkopolskie,-0.7908925988998284,-0.5247624639580704,-0.03647783877230814,-0.47892590299269905,-0.8910412530130203,-0.3000504847574645
nowotomyski,wielkopolskie,-1.2678853693810537,0.0677554625742444,-0.0839600134431532,0.03109961179319845,-0.6417631175916927,-0.4373136112868749
rawicki,wielkopolskie,-0.7914711252550616,-0.02917668506608189,-0.4837469814675541,-0.7661955170141093,0.26536721207979413,0.3024787918375955
gołdapski,warmińsko-mazurskie,0.05179743721393956,-0.9508942278551757,0.011201766978249683,-0.9969690692474258,0.05565743402640625,-0.5516325511428003
wolsztyński,wielkopolskie,-1.2339053027384321,0.22958952492180498,-0.9519328502190035,-0.5320694512241376,-0.9330148871867433,-0.5610033727025231
chodzieski,wielkopolskie,0.17351307170868382,-0.35896945378458495,-0.2515131897591224,-0.42381341822798524,-0.0871728379656147,0.1501052421529063
czarnkowsko-trzcianecki,wielkopolskie,-1.1353032421919187,-0.6027689097964146,-0.3328986681739225,0.14120041415385995,-0.07100167883596756,-0.47342736875376956
węgorzewski,warmińsko-mazurskie,0.3893454700032763,-1.0390532367593064,-0.6117042579078587,-0.8427002311403424,-0.4797840187164932,-0.16916516866165013
wągrowiecki,wielkopolskie,-0.8233273006126279,-0.19752163024930974,-0.3753792554920516,-0.5293200353443399,0.20782624066596264,-0.4502523042552273
złotowski,wielkopolskie,-0.33404636471883475,-0.32818070274812444,-0.7274756493725781,-1.3277504068375,-0.2851284597105839,-0.4111382281825515
obornicki,wielkopolskie,-1.1448083525139343,0.16475658143105024,-0.7561141243242009,0.11468185453904034,-0.32168252952566684,-0.19295359731749387
Olsztyn,warmińsko-mazurskie,-1.015778704959823,1.2108706102626179,2.0750475587523836,1.15122937938962,0.6507719336929808,0.25437197744840695
szamotulski,wielkopolskie,-1.0723631870490482,0.2561296490231267,-0.3540018569165201,0.8600751068025596,-0.600992134402762,-0.3823495432831314
średzki,wielkopolskie,0.06751064773645454,0.0627619465011267,0.10372016461016931,0.3809140025382579,-0.34682835867306566,0.8805460066516501
średzki,wielkopolskie,0.06751064773645454,0.0627619465011267,0.10372016461016931,0.3809140025382579,-0.4742589990038383,0.8805460066516501
średzki,wielkopolskie,-0.044461800954731304,0.0627619465011267,0.10372016461016931,0.3809140025382579,-0.34682835867306566,0.8805460066516501
średzki,wielkopolskie,-0.044461800954731304,0.0627619465011267,0.10372016461016931,0.3809140025382579,-0.4742589990038383,0.8805460066516501
średzki,wielkopolskie,0.06751064773645454,0.0627619465011267,0.10372016461016931,0.3809140025382579,-0.34682835867306566,0.7289104114229102
średzki,wielkopolskie,0.06751064773645454,0.0627619465011267,0.10372016461016931,0.3809140025382579,-0.4742589990038383,0.7289104114229102
średzki,wielkopolskie,-0.044461800954731304,0.0627619465011267,0.10372016461016931,0.3809140025382579,-0.34682835867306566,0.7289104114229102
średzki,wielkopolskie,-0.044461800954731304,0.0627619465011267,0.10372016461016931,0.3809140025382579,-0.4742589990038383,0.7289104114229102
średzki,dolnośląskie,-0.4092331298312864,0.7669166840272028,-0.16871278860638206,0.8358270325594432,0.6074991478577753,0.05366073627742977
średzki,dolnośląskie,-0.4092331298312864,0.7669166840272028,-0.16871278860638206,0.8358270325594432,0.41847703136712877,0.05366073627742977
średzki,dolnośląskie,-0.49043694531271276,0.7669166840272028,-0.16871278860638206,0.8358270325594432,0.6074991478577753,0.05366073627742977
średzki,dolnośląskie,-0.49043694531271276,0.7669166840272028,-0.16871278860638206,0.8358270325594432,0.41847703136712877,0.05366073627742977
średzki,dolnośląskie,-0.4092331298312864,0.7669166840272028,-0.16871278860638206,0.8358270325594432,0.6074991478577753,-0.044608395060584415
średzki,dolnośląskie,-0.4092331298312864,0.7669166840272028,-0.16871278860638206,0.8358270325594432,0.41847703136712877,-0.044608395060584415
średzki,dolnośląskie,-0.49043694531271276,0.7669166840272028,-0.16871278860638206,0.8358270325594432,0.6074991478577753,-0.044608395060584415
średzki,dolnośląskie,-0.49043694531271276,0.7669166840272028,-0.16871278860638206,0.8358270325594432,0.41847703136712877,-0.044608395060584415
śremski,wielkopolskie,-1.3523349363230652,0.12502916073884307,-0.6663268566283043,-0.5486014228368542,-0.19672036860956604,-0.46014020686416135
Poznań,wielkopolskie,-1.2465621984946467,2.196289968592202,2.0829886755141507,2.333052491695301,-0.27767575389814264,0.48556094992022486
białogardzki,zachodniopomorskie,2.063598986575827,-1.0058504931460623,-0.4346743897656923,-0.20769159190894576,-0.1871159863756592,-0.4042441753236107
kołobrzeski,zachodniopomorskie,-1.4510497336776373,2.357861940317141,0.9438223139666108,-0.380798363334381,-0.06242310110885364,-0.21319799346937807
sławieński,zachodniopomorskie,0.9608257613160374,0.9011208770530651,0.7765214106969414,-0.7787718773933118,-0.4162265449684292,-0.22960171601982052
Koszalin,zachodniopomorskie,-0.1817519420338787,-2.8296149877842893,1.0451592998256867,0.3255531834360151,0.40474460850999455,-0.13010122772045782
choszczeński,zachodniopomorskie,1.2869164884911595,-0.7507811403614781,-0.15287442865611678,-0.337251163431785,0.4589448829190043,1.6673730818915617
pyrzycki,zachodniopomorskie,0.34207495688009676,-0.8388849722924251,-0.5629168444322483,-0.6401481025506233,-0.10954653266095819,-0.18164181260104487
szczecinecki,zachodniopomorskie,1.5407280663291785,-0.26308566863474747,-0.7354167661343455,0.06762249757708783,-0.5701739835885297,-0.5140202035068151
świdwiński,zachodniopomorskie,0.4530669328919448,-1.0947681854314677,-0.5555460841229831,-0.7982129083885243,-0.1101382394201128,-0.13296415308034865
łobeski,zachodniopomorskie,1.8034416633632047,-0.7586300647968482,0.28065131721247927,-0.13524891801802605,0.5435038993659226,0.29428803414674315
Szczecin,zachodniopomorskie,-1.1080551684546802,2.6690324805861714,1.7841877047626695,1.6073308665975565,0.42067599253492716,0.5172499562558193
goleniowski,zachodniopomorskie,-0.38486929679703263,0.23080341833184465,-0.4088657602899469,0.5556349471576401,0.5375482670700714,0.3843357303679378
gryficki,zachodniopomorskie,-0.710850244297878,-0.10338971399805222,0.10996118040774587,-0.7108169597448996,-0.12618687262450728,0.09264555370157361
gryfiński,zachodniopomorskie,0.2120523459232784,-0.3522516572994791,0.08470097059786945,0.1928362181931509,0.42355168081555605,0.06689196123238245
kamieński,zachodniopomorskie,1.569588869576756,3.1769779014712913,1.1040156983666323,-0.8605093507746429,0.33970761146574247,0.2523359200945831
policki,zachodniopomorskie,-0.6034390073002147,2.2942290959931295,0.3669396674401389,1.3228284066229092,0.8924087354335943,-0.5262333678917211
stargardzki,zachodniopomorskie,-0.33514907808924094,0.11760785784564604,-0.6213564440271343,-0.06975960557794887,0.5139385295642336,0.13918074818071755
bolesławiecki,dolnośląskie,-0.7931583984515238,0.25194999330446743,-0.5502702869373333,0.1742820955462601,0.6559005569742387,0.7157597869602572
jaworski,dolnośląskie,0.5580183765854861,-0.37338443802880594,-0.14543785798694797,0.25415706139611527,0.789038614729517,0.3440246719661051
jeleniogórski,dolnośląskie,0.1715806622175043,0.49318372006325867,-0.18394788692419342,-0.46702359295822127,0.1584577307346733,0.42615827629044745
kamiennogórski,dolnośląskie,-0.731467114690002,-1.2633062500208383,-0.868452408680587,-0.4567709324516224,0.19383477242386818,0.1382511801995953
lubański,dolnośląskie,-0.29529766138547553,-0.8207041596284219,-0.8379273700783784,-0.49916515150140084,0.217727941188932,0.32626949929869264
zduńskowolski,łódzkie,-0.058617404142343676,-0.49493930995232316,-1.2661444135813726,-0.7220097431007206,0.3546282863206285,0.017795882593982328
lwówecki,dolnośląskie,0.20407406589215385,-1.2488085003168419,-0.9544446122886786,-0.296719451913481,0.8360770037666265,0.792581332336252
zgorzelecki,dolnośląskie,-0.6749202976612312,-0.5156030864095893,-0.4136370113829983,0.1629296686877425,0.7880572780524975,1.4841172028528087
złotoryjski,dolnośląskie,1.1398413258902527,-0.8628041901675247,-0.5364610797507796,0.5832887494583121,0.13764185933895703,0.6254913979442487
Jelenia Góra,dolnośląskie,-0.9620941740024316,0.246183999606779,1.021544349013414,0.6982320714008095,0.7736745874233605,1.785444256456669
głogowski,dolnośląskie,-0.19848891764416954,0.14309961945647898,0.4566172512028625,-0.04698379919304641,0.3435298633665873,0.6481440628269594
górowski,dolnośląskie,1.4223572115316636,-1.3950826562266212,-0.18389304495760642,-0.6337801006096746,0.01778622335646591,1.0124209359037937
legnicki,dolnośląskie,0.3935524512750356,-0.39490345757041817,-0.4112897752130832,0.1549829698867789,0.07718510285100368,0.4013389797459911
lubiński,dolnośląskie,-1.0362615912368107,0.38015369049661096,0.5089364873266625,7.327126972093201,0.27412950193450875,0.7493598886644255
polkowicki,dolnośląskie,-0.09423993655184514,-0.37313614164947967,2.2052314190361115,1.4483791524113339,0.5240285932549985,0.7940103748273653
Legnica,dolnośląskie,-0.4113198408012078,0.3428540566244831,1.0218514640262997,0.2884626763092003,1.0720658376586507,1.927471950699142
kłodzki,dolnośląskie,0.5342475608418249,-0.8306222205581778,-0.49936597355147244,-0.07408771831775823,0.28284649798008443,0.09456903791581733
świdnicki,dolnośląskie,-0.5659570077569762,-0.05582716311377086,-0.49017445995152586,0.4686824526881778,0.41619237554543176,0.15324894576811543
świdnicki,dolnośląskie,-0.5659570077569762,-0.05582716311377086,-0.49017445995152586,0.4686824526881778,3.6582373224304177,0.15324894576811543
świdnicki,dolnośląskie,0.7385470743153708,-0.05582716311377086,-0.49017445995152586,0.4686824526881778,0.41619237554543176,0.15324894576811543
świdnicki,dolnośląskie,0.7385470743153708,-0.05582716311377086,-0.49017445995152586,0.4686824526881778,3.6582373224304177,0.15324894576811543
świdnicki,dolnośląskie,-0.5659570077569762,-0.05582716311377086,-0.49017445995152586,0.4686824526881778,0.41619237554543176,2.074460210580307
świdnicki,dolnośląskie,-0.5659570077569762,-0.05582716311377086,-0.49017445995152586,0.4686824526881778,3.6582373224304177,2.074460210580307
świdnicki,dolnośląskie,0.7385470743153708,-0.05582716311377086,-0.49017445995152586,0.4686824526881778,0.41619237554543176,2.074460210580307
świdnicki,dolnośląskie,0.7385470743153708,-0.05582716311377086,-0.49017445995152586,0.4686824526881778,3.6582373224304177,2.074460210580307
świdnicki,lubelskie,-0.658250708571101,0.7014354111015405,-0.317367423236543,0.5050989094702679,-1.4203525128272896,-1.091516480842965
świdnicki,lubelskie,-0.658250708571101,0.7014354111015405,-0.317367423236543,0.5050989094702679,-0.35335037840944616,-1.091516480842965
świdnicki,lubelskie,0.5369488028029364,0.7014354111015405,-0.317367423236543,0.5050989094702679,-1.4203525128272896,-1.091516480842965
świdnicki,lubelskie,0.5369488028029364,0.7014354111015405,-0.317367423236543,0.5050989094702679,-0.35335037840944616,-1.091516480842965
świdnicki,lubelskie,-0.658250708571101,0.7014354111015405,-0.317367423236543,0.5050989094702679,-1.4203525128272896,-0.6444962970649789
świdnicki,lubelskie,-0.658250708571101,0.7014354111015405,-0.317367423236543,0.5050989094702679,-0.35335037840944616,-0.6444962970649789
świdnicki,lubelskie,0.5369488028029364,0.7014354111015405,-0.317367423236543,0.5050989094702679,-1.4203525128272896,-0.6444962970649789
świdnicki,lubelskie,0.5369488028029364,0.7014354111015405,-0.317367423236543,0.5050989094702679,-0.35335037840944616,-0.6444962970649789
wałbrzyski,dolnośląskie,-0.17787642507822635,-1.3905719386688602,-0.04255432867012473,-0.7174510341903474,0.1557715001411053,0.35492631023829346
Wałbrzych,dolnośląskie,-0.8421175587398375,-1.1099142645703717,1.806497416770177,1.375918740353449,0.7875900752832757,1.3632693542141794
milicki,dolnośląskie,-0.25533955941615927,0.05626485790875532,-0.13280226888535046,-0.8000399395860666,0.32408823710760626,-0.4928367373713767
oleśnicki,dolnośląskie,-0.5255024295125317,0.19120014582930062,-0.650488496678039,-0.028021698705928393,0.9736284898678635,-0.3844874042387341
oławski,dolnośląskie,-0.524684499845261,0.5610376028358167,-0.306629366178849,0.35129126370431224,1.3863228637513338,0.26861050193034286
strzeliński,dolnośląskie,0.6811269029233719,-0.43126508289842447,-0.683656918069731,0.6598998925863446,0.3827295782345409,-0.04497727606474796
trzebnicki,dolnośląskie,-0.5878293013089203,0.5720454089859491,-0.4214136022450057,-0.31694096225521595,0.5488839426807621,-0.23909810760578404
wrocławski,dolnośląskie,-1.1801585517283855,1.8627037829673252,1.124296257610428,1.9132255559337232,0.8874624467209423,-0.15206311024890568
głubczycki,opolskie,0.31448385379407706,-0.80817898671574,-0.9480500389846586,-0.1524549399754674,-0.8490551578731621,-0.5092028070114055
namysłowski,opolskie,0.11360656533544577,-0.33640207175248393,-0.7097287889850917,0.03086901562263622,0.18701216070710117,-0.4149792144056813
nyski,opolskie,-0.38806322409576605,-0.7202268914610479,-0.5961730129704791,-0.269846128959333,-0.428079374400467,0.011454499171134716
prudnicki,opolskie,-0.09672885508844951,-1.2811973835756274,-1.0136849045957312,-0.60937238286386,-0.7462407225423976,-0.356760391725675
kędzierzyńsko-kozielski,opolskie,0.16793090106566702,-1.0288179082337445,-0.9191812277733703,1.38799843205759,0.2272109306122611,-0.49303823280376946
kluczborski,opolskie,-0.1044801244766812,-0.6658223959019975,-0.8384867581375639,-0.020997384587220173,-0.4110401243313606,-0.3378153990291164
krapkowicki,opolskie,-0.11319421353235753,-0.8167728002890889,-0.6040592877656594,1.3466330266918647,-0.501574264588698,-0.5708366955167226
skarżyski,świętokrzyskie,1.693023291479715,-0.6117213736954571,-1.1792966752945284,-0.0560657406798608,-0.2390843086769437,-0.03751603016402061
oleski,opolskie,-0.7011293493985136,-1.0290799988563668,-0.9910790459686557,-0.5506945265388941,-0.855328858576368,0.7011178294181045
zamojski,lubelskie,0.6092372849348859,-1.0790427480741358,-0.9743083725864145,-1.1606213976797515,-0.08385925771124376,-0.6987606325708278
Chełm,lubelskie,0.7956344650178397,-0.38468192328815237,2.405360723504636,-0.36871867163023986,0.4297493877539743,0.057053243915356676
strzelecki,opolskie,-0.6727868880877352,-0.6562353968113435,-1.0564397017467952,0.11544459571859594,-0.34532292441553647,-0.5346675288372338
Opole,opolskie,-0.6303697379546409,1.2857733513593834,4.433405679490911,1.300992723087229,0.08531087764984169,0.032875505185879186
toruński,kujawsko-pomorskie,0.16900100130599935,-0.24843618225449607,-0.1773339457538265,-0.7006529900731332,-0.1297665786266434,-0.381923981887651
brodnicki,kujawsko-pomorskie,0.07288121688456287,-0.24709814065479327,-0.2825098692739768,-0.8843139708435984,-0.5339059443052183,-0.11646370994085549
golubsko-dobrzyński,kujawsko-pomorskie,1.3572483236339146,-0.8802814964234368,-0.4602307461951379,0.32856867182031024,-0.7510667834441904,-0.2613643389538071
Białystok,podlaskie,0.08478134048482115,1.1875031621193544,1.7036906662065758,0.5979404753725875,0.18228120338643658,0.043503165568956774
grudziądzki,kujawsko-pomorskie,1.3566321684630576,-1.5815532371006686,0.2398159888919539,-0.1994788206034863,-1.3303033277438279,-0.8529606671947252
Suwałki,podlaskie,-0.582799713609337,0.43024058790404296,1.433977874532729,-0.4026695232039965,1.446254819593505,0.20085059920304354
rypiński,kujawsko-pomorskie,0.5269221851497725,-0.6578355290336685,-0.16946960774528036,-1.0121884165046267,0.3462720334638974,-0.3272251480868754
wąbrzeski,kujawsko-pomorskie,1.7407370427692703,-0.8367468645815598,-0.3224348209491625,-0.14284085347965966,-0.7310804290429115,-0.688487893965948
Grudziądz,kujawsko-pomorskie,0.6733588862166707,-0.2073707199625861,1.1924428852911766,-0.6661167789894844,0.04116848343441204,0.16904437534714054
lipnowski,kujawsko-pomorskie,1.5295742471234868,-1.3455199400644335,-0.046601665804229586,-1.2111574353671253,0.49053640829768336,-0.2350871151451574
radziejowski,kujawsko-pomorskie,3.4451110865857406,-1.3773846420779747,-0.4037106154307886,-0.8329974538097022,0.1061378735971522,-0.5996588632268237
Włocławek,kujawsko-pomorskie,1.2999534126555055,-0.21324706760664175,1.4381458639933253,0.17667674808672942,1.7035056143120157,0.7916290570791923
inowrocławski,kujawsko-pomorskie,1.1105317387724023,-0.048488625680349264,-0.6170678022400473,-0.3415970143385612,0.8883467072317514,-0.28955398706481755
mogileński,kujawsko-pomorskie,0.688387267244767,-0.754436614834893,-0.31816811594870964,-0.9341936963532127,0.857255834430949,-0.23893949762060063
nakielski,kujawsko-pomorskie,0.655070058815067,-0.47862072013326723,-0.30311948031729347,-0.6496025455437345,0.8917012885479343,0.01715067692748194
żniński,kujawsko-pomorskie,0.2995108326121145,-0.5523095678199932,-0.38562373485046464,-0.894584369517164,0.8033094994527562,-0.39763215122825907
sępoleński,kujawsko-pomorskie,1.0656044052032598,-1.0277695457432559,-0.49375015617298496,-0.8534318221550358,0.7690454392404996,-0.26705609036761724
świecki,kujawsko-pomorskie,-0.36933503461714723,-0.08919543764656569,0.36754292907259384,0.1217416449916806,0.8109553120003847,-0.4078255428984939
tucholski,kujawsko-pomorskie,0.8223685319979386,-0.9511425242345021,-0.008343909913282904,-1.030210394142524,0.488362179188276,-0.5339310434877466
gdański,pomorskie,-0.6313508376464316,1.7725170202986966,0.4363147551724316,0.3990601473449215,-0.21030727967131535,2.7552889606958426
kartuski,pomorskie,-1.2304968391203306,1.8150170838933808,0.7757207179847746,-0.49966182017646055,-0.4229113285410161,-0.3568051534376561
pucki,pomorskie,-0.8586080823752726,3.047449956922741,1.344475785063084,-0.08620288635583304,-0.3976122201515564,-0.23484135777137102
wejherowski,pomorskie,-0.7938586878359987,1.1216770331112944,-0.06954754462414371,-0.29943339145934506,-0.39932341546611794,-0.2711184722981539
bytowski,pomorskie,0.3184742668066581,-0.35219648032629547,0.4485664505079212,0.2054303167393202,0.10462466037771155,-0.2180329131737509
lęborski,pomorskie,0.2897205845555133,-0.12071528357770923,0.9560520725154661,0.019321468927486818,0.7217465849952867,-0.07744646635247142
słupski,pomorskie,-0.1998777147462591,0.6684119926511433,1.195799213646289,-0.1651022530225356,0.28676520328414756,-0.3464105181024128
kwidzyński,pomorskie,-0.19306171684254939,-0.09016103467727907,-0.3450845531495075,0.0608642559628771,-0.2946392717302944,-0.3207968443295088
malborski,pomorskie,-0.12133896126435972,-0.08512613587427365,-0.7612802375766768,-0.4082570457984228,-0.1795023102303229,0.024866594873419037
starogardzki,pomorskie,-0.5407827385707215,0.18442717237101114,0.05860716289587354,0.31966411200315925,-0.42655875879027383,-0.13734797745636276
tczewski,pomorskie,-0.23704397959724657,0.47756863665229393,-0.3333264355132988,0.42928598385572625,-0.7550996998341624,-0.1483957179362524
sztumski,pomorskie,-0.6121964794539291,-1.1483450263927637,-0.32969589732525373,-0.12540423535165443,-0.2587121098734205,-0.34416954543857703
człuchowski,pomorskie,0.30668731212901407,-0.8024405815046434,0.260304947608779,-0.39090911850525006,0.23178936849464493,-0.5010109499239614
kościerski,pomorskie,-0.21126913870248704,0.3164656691994163,0.697845125431529,-0.8177958447194682,-0.4012448270283637,-0.14993113058094873
braniewski,warmińsko-mazurskie,2.2908385853019024,-1.0346390789046167,-0.17312208271996066,-0.5843083529402876,0.15230202674717563,0.31355754764087
działdowski,warmińsko-mazurskie,1.5200816571359543,-0.7385870292878979,-0.436539016629643,-1.1421559658676932,0.37778330315240766,-0.1663182017877693
elbląski,warmińsko-mazurskie,1.3868871605508932,-0.8481133210573857,-0.16191238474961997,-0.9248811586958344,0.21322219828446362,-0.23698484611952142
iławski,warmińsko-mazurskie,-1.0597454177607828,-0.0606413540240418,-0.11890531455225711,-1.0110531738187742,0.13758756382827464,-0.02245087730168677
nowomiejski,warmińsko-mazurskie,0.06841159396484754,-1.1661671887310734,0.3131945401850821,-1.4507468565827586,-0.08779341002674931,-0.20411543593768045
ostródzki,warmińsko-mazurskie,0.2741419144008883,-0.036625576445870736,-0.5234964388496612,-0.6190751601945003,0.6720026443165857,-0.20455481697486713
Elbląg,warmińsko-mazurskie,-0.539847816576955,0.4179499171273914,0.26168696516676637,0.2889416068172948,0.2459610302250215,0.5217660196234486
ełcki,warmińsko-mazurskie,0.40957271923157257,0.4713750214124325,-0.34153079371468353,-0.7537965383045717,0.4897475749887892,-0.13780172745725064
giżycki,warmińsko-mazurskie,-0.30589278894703437,0.846247377221954,-0.1033301960416082,-0.4870322452963592,0.04990766717981708,-0.15301775744800056
olecki,warmińsko-mazurskie,0.6196287703293427,-0.7698034018665315,-0.14844319775590398,-0.6224986264190211,0.7572651136435822,-0.3868476018002516
piski,warmińsko-mazurskie,0.22053647019185557,-0.9969256177336117,-0.5586501394317955,-0.2776331842575968,-0.5131268507581208,-0.01561686280918336
bartoszycki,warmińsko-mazurskie,1.7287502164451736,-1.2119916649600706,-0.13903231628961044,-0.3558052860786758,-0.38940195961579666,-0.26797169126409537
kętrzyński,warmińsko-mazurskie,2.059595609181585,-1.0977063592534955,-0.424791867386752,-0.4062526329312155,-0.05137896457984782,-0.41788207967295055
lidzbarski,warmińsko-mazurskie,0.5446224448708278,-1.0000431167184862,0.0125728161429195,-0.7686965985563763,-1.1328983251504925,-0.3094489678901154
mrągowski,warmińsko-mazurskie,-0.20135466992777248,-0.09687883116238494,-0.12469662622382215,-0.8491214475821917,-0.06301092520846836,-0.3642662160105326
nidzicki,warmińsko-mazurskie,-0.7982351458564049,-0.7437460762805664,0.014536158546726637,-1.0319842108391677,-0.5008793788850272,0.09997201653742366
olsztyński,warmińsko-mazurskie,-0.044666805614609964,0.8122169790109557,0.24856876675920553,0.06070461246017893,-0.4055610530947413,-0.32289812977988464
szczycieński,warmińsko-mazurskie,-0.2490572869566228,-0.4397209540388144,-0.16339311784746377,-0.472664330053548,-0.623096112000871,0.15853481618723705
łódzki wschodni,łódzkie,-0.04910531380515476,0.956753060265451,-0.16946960774528036,-0.648697899028446,-0.11147701672610584,-0.21331405081320345
pabianicki,łódzkie,-0.141340128203006,0.35768286816758127,-0.9054597677333545,-0.20315062116553775,0.20093797877441955,0.10917921995777786
zgierski,łódzkie,-0.5454259133483689,-0.04974390182027664,-0.5989918900530399,0.5177639606843029,0.2647110267500344,-0.33153099497375077
brzeziński,łódzkie,0.05778297698940031,-0.09331991639204137,-0.6554791156374363,-1.1990954818299493,0.030118182881227754,-0.25817393087039436
Łódź,łódzkie,0.222891710079844,0.9320475705224847,1.3496199615289246,1.2794408502230097,0.379073622307422,0.27067113395079684
bełchatowski,łódzkie,-0.17323755943446797,-0.156276842794553,1.8554932297188176,3.9253190494373142,-0.3927153386338859,-0.3842111742857432
opoczyński,łódzkie,-0.44028816464309023,-0.5261556825309568,-0.8071390900365533,-0.7917384774457746,-0.9876099037043098,-0.011359290325564545
piotrkowski,łódzkie,-0.5413871503055026,-0.8490513296015072,-0.4170262449180622,-0.9473199399083737,-0.8133861194919686,-0.668291867344053
radomszczański,łódzkie,-0.5896049202634787,-0.4670749384945945,-0.4965251596822764,-0.7463110318447359,-0.6478566720379464,-0.18581446919103414
tomaszowski,łódzkie,0.726861362855945,-0.020982904548314165,-0.2475316629849211,-0.5604859947043652,0.35056491093490866,0.36935006330656983
tomaszowski,łódzkie,0.726861362855945,-0.020982904548314165,-0.2475316629849211,-0.5604859947043652,-0.42350723291264836,0.36935006330656983
tomaszowski,łódzkie,0.03320153350639878,-0.020982904548314165,-0.2475316629849211,-0.5604859947043652,0.35056491093490866,0.36935006330656983
tomaszowski,łódzkie,0.03320153350639878,-0.020982904548314165,-0.2475316629849211,-0.5604859947043652,-0.42350723291264836,0.36935006330656983
tomaszowski,łódzkie,0.726861362855945,-0.020982904548314165,-0.2475316629849211,-0.5604859947043652,0.35056491093490866,-0.1632334111224785
tomaszowski,łódzkie,0.726861362855945,-0.020982904548314165,-0.2475316629849211,-0.5604859947043652,-0.42350723291264836,-0.1632334111224785
tomaszowski,łódzkie,0.03320153350639878,-0.020982904548314165,-0.2475316629849211,-0.5604859947043652,0.35056491093490866,-0.1632334111224785
tomaszowski,łódzkie,0.03320153350639878,-0.020982904548314165,-0.2475316629849211,-0.5604859947043652,-0.42350723291264836,-0.1632334111224785
tomaszowski,lubelskie,0.252579659529929,-0.6482347356997183,-0.49860915441257514,-0.8020088761193402,0.04395756979676731,-0.5419998887894306
tomaszowski,lubelskie,0.252579659529929,-0.6482347356997183,-0.49860915441257514,-0.8020088761193402,-0.6412866231174635,-0.5419998887894306
tomaszowski,lubelskie,-0.30367487575447494,-0.6482347356997183,-0.49860915441257514,-0.8020088761193402,0.04395756979676731,-0.5419998887894306
tomaszowski,lubelskie,-0.30367487575447494,-0.6482347356997183,-0.49860915441257514,-0.8020088761193402,-0.6412866231174635,-0.5419998887894306
tomaszowski,lubelskie,0.252579659529929,-0.6482347356997183,-0.49860915441257514,-0.8020088761193402,0.04395756979676731,-0.8105539745959822
tomaszowski,lubelskie,0.252579659529929,-0.6482347356997183,-0.49860915441257514,-0.8020088761193402,-0.6412866231174635,-0.8105539745959822
tomaszowski,lubelskie,-0.30367487575447494,-0.6482347356997183,-0.49860915441257514,-0.8020088761193402,0.04395756979676731,-0.8105539745959822
tomaszowski,lubelskie,-0.30367487575447494,-0.6482347356997183,-0.49860915441257514,-0.8020088761193402,-0.6412866231174635,-0.8105539745959822
Piotrków Trybunalski,łódzkie,-0.14520324522192493,0.21325714085945313,1.642651557395475,-0.6507200500626185,0.03456991856652484,0.22979491349494005
łaski,łódzkie,-0.10289877264546395,-0.6688571294270967,-1.196166064216626,-1.112604179701613,0.18410285006944452,-0.48500234652693885
pajęczański,łódzkie,0.15065836129126134,-0.6984043985669258,0.4550926445317493,-0.3835655173811455,0.0850289631704011,-0.8351085583267467
poddębicki,łódzkie,0.3476463797208214,0.0013223868611646498,0.7679660639094015,1.5941159322075629,-0.1607943258896082,-0.5293702506742853
sieradzki,łódzkie,-0.26875048812065044,-0.2838046220651972,-0.8555097045661038,-0.0854046688423438,0.5282536989017317,-0.442257570231874
wieluński,łódzkie,-0.02202998372599468,0.528524571387368,-0.7489188583080143,-0.7927495529628625,-0.1583172769671781,0.11439696342032617
wieruszowski,łódzkie,-0.5744575209786655,-0.4955738451439348,-0.6638260629519468,-1.107655231117978,0.47681346275442404,-0.45591122805017387
kutnowski,łódzkie,0.7293340284901448,0.2285963394044998,-0.4702119841139335,-0.0063633968399115165,-0.35052401234657865,-0.29503181858748373
łęczycki,łódzkie,0.11742527099748555,-0.7638580830059963,-0.3926435065735737,0.058026149248246894,-0.35380987306965483,-0.1744112777292467
łowicki,łódzkie,-0.32082402179637526,-0.07613228924534342,-0.17923147779772905,-0.5840777567697237,-0.6038979603278295,-0.03784677536788459
rawski,łódzkie,-0.879144447483138,0.06369995504524825,-0.29563903607485525,-0.4969833569645285,-0.7919572133022492,0.17243515659055003
skierniewicki,łódzkie,-0.6037342622771625,-1.6961833988896413,0.2877039941155411,-0.5999179398707505,-0.8968757389012888,-0.6224701140594652
kielecki,świętokrzyskie,0.056677831780376615,0.7486393116601283,0.08595136743604768,-0.7699027939100944,-0.6997426010116221,-0.7531144132048454
konecki,świętokrzyskie,0.8071494683800152,-0.8215180199828803,-0.5815082711051709,-0.5465437954687481,-0.27857563037917865,0.07725507651954239
ostrowiecki,świętokrzyskie,0.3709822233225313,-1.0483091740108588,-1.239908016766251,-0.6059666548063044,-0.14221618223067078,-0.34134765829407554
starachowicki,świętokrzyskie,0.7562742688510452,-0.353286225546672,-0.44371234585919545,-0.17560324786666506,-0.19666996750075208,0.3169380776608109
Kielce,świętokrzyskie,0.23311207119937616,1.0701417401577924,2.2183934910169416,0.7608123244583908,0.22747410014683694,0.47389330237348687
buski,świętokrzyskie,-0.6257686357795204,0.1593906207889431,-0.42713910355666707,-0.7347280088156545,-0.22006310723410705,-0.5450464461613402
jędrzejowski,świętokrzyskie,0.3823816092091543,-0.7110675139125668,-0.5653957013219706,0.3185643456512405,-0.3469798336622987,1.7485531755647592
kazimierski,świętokrzyskie,0.925364896038869,-0.5935681495180458,-0.689064335975188,-0.9822286524983178,-1.0812795030718507,-0.5846742056102558
Warszawa,mazowieckie,-1.0795904267185674,4.854909655985208,4.319740219543124,4.182238659779156,0.9856079090962563,0.47380008403676344
opatowski,świętokrzyskie,2.716232135572997,-0.6853688386522954,-0.4687970613759943,-0.9219543611463734,-0.47706796744204416,-0.07351107437130736
pińczowski,świętokrzyskie,0.5197147890296864,-0.8469408103772337,-0.9510005367870277,-0.6100286950416179,-0.13281408290241478,-0.0977645464913001
sandomierski,świętokrzyskie,0.5170657029390565,0.1793233023515262,-0.5016035257882135,0.31331384822917574,-0.25029207124994574,-0.6100785468285815
legionowski,mazowieckie,-0.3593939193009606,1.747714970852659,0.2212684357923008,0.47863356435634713,-0.15087759143450852,0.08138678289661619
staszowski,świętokrzyskie,-0.06453393393230043,-0.4954910796841594,-0.3791194776132707,0.06398617334897,-0.6293743203753932,-0.3662205485668979
Siedlce,mazowieckie,-0.6062211710119554,0.8001194276404467,1.3659957727517413,0.7056998396936786,1.2720031782017038,0.301919819512527
włoszczowski,świętokrzyskie,0.4322938538667596,-0.7063360884620713,-0.6595374211648598,-0.1195861165866643,-0.7524955662270805,-0.5661985763948617
bialski,lubelskie,1.1307312521176038,-0.40000732758990315,-0.17171812837533906,-0.9421758714881083,-0.4723117244638981,-0.29729046514571444
grójecki,mazowieckie,-1.1346263541418342,0.2573435424331664,-0.5184509779236769,0.5296307943848471,0.18609322266597425,0.03760921787007967
parczewski,lubelskie,0.14969545392878672,-0.3446786177300271,-0.6541738768326711,-0.5518120310577797,0.23737192676449909,-0.11087619278714707
radzyński,lubelskie,0.04120472695136616,-0.5021123164661939,-0.28389188683196426,-0.7172381761867488,-0.5043949763789264,-0.6912975092292881
włodawski,lubelskie,2.468719260236127,-0.9962496998121123,-0.2680315900950638,-0.8094943825791762,-0.2891544708177943,-0.48764843730964985
biłgorajski,lubelskie,-0.44828466379751825,0.12712588571982067,-0.46450841958890726,-0.47399469257603066,-0.14810793908681535,-0.7999394047077844
chełmski,lubelskie,1.4173674877482703,-1.0499920716929592,-0.5583539928122273,-0.8834980151631423,-0.3696926757602716,-0.4271070740740647
hrubieszowski,lubelskie,2.0412243922566375,-1.1762507805803801,-0.9638006517883851,-0.4809480540268716,-0.10059000301473557,-0.45272087804453176
krasnostawski,lubelskie,2.1219739709775176,-0.4148913161061849,-1.1945317736123389,-0.42704176461587745,-0.34424236326130087,-0.4701412543725451
lubartowski,lubelskie,1.800958166555055,0.1769920752345182,0.037712373626305334,-0.7454418616633809,-0.6595933052002734,-0.5472932460914555
łęczyński,lubelskie,-0.2390916416881417,-0.09069901016581937,0.01883576872713126,2.841570262289051,-0.04500445278589803,-0.45441085814745746
Lublin,lubelskie,0.20600345749827373,1.6590041922166923,1.2108149440977523,1.1045425239339643,0.6659442182758513,-0.04981939454583602
janowski,lubelskie,1.8001208046170158,-0.33247071241315096,-0.6589341595324049,-0.6251416132970194,-0.5765360458664549,-0.8568279876970236
kraśnicki,lubelskie,1.9609853417560155,-0.6113489291264677,-0.9259048528769112,-0.9672753777456128,-0.07816148869590694,-0.48493838338562545
łukowski,lubelskie,-0.6651162955001723,0.22736865175116422,-0.24595221434722092,-1.1404176255049834,-0.8789575418310396,-0.5720786982350845
puławski,lubelskie,-0.3111940578568988,0.39622398393634056,0.4277594083848918,0.9261143024185969,0.0009599898863343393,-0.2925872849811006
rycki,lubelskie,0.25933909657142845,-0.531080227387595,-0.23840595974487813,-0.7144000694721202,-0.34651155277745466,-0.3146418021730269
bieszczadzki,podkarpackie,2.4498906697274436,-0.8435198380398492,-0.29831532404429034,-0.6097094080362215,-0.8989841449153634,-0.3879904942076431
brzozowski,podkarpackie,3.369578670068159,-0.49022167874512357,-0.4795680236136401,-1.034414339713569,-1.1326089967239221,-0.8752375494252752
jasielski,podkarpackie,1.8127330598750526,-0.8767363758963891,-0.6580676564603336,-0.4070863267786384,-0.7875573696799087,-0.725053344887924
sanocki,podkarpackie,0.22837965119322295,-0.402214406517248,-0.3590473178425054,-0.6359618951465453,-0.36253249764501716,-0.13978269478006997
leski,podkarpackie,3.088176960674993,-0.5678280915278866,1.9437449223502843,0.07654479556120566,-1.0188485964423688,-0.5775355736921322
jarosławski,podkarpackie,1.784859252534952,-0.23922162773283137,-0.711823752108707,-0.44055824784430053,-0.5878579969390255,-0.7702648940956458
lubaczowski,podkarpackie,0.39164885647415587,-1.236545418026782,0.06055953690636308,-1.0199222573019917,-0.8441470272348205,-0.8121421624781109
przemyski,podkarpackie,1.8360546281991437,-0.9364240666377712,-0.27419582713941915,-1.175823006769987,-0.6326282008107422,-0.9227993692823133
przeworski,podkarpackie,2.001308449647026,-0.6626221314573476,-0.3664400149384048,-0.9477279177486025,-0.7715735540254789,-0.7092351891097085
kolbuszowski,podkarpackie,0.14173419677614663,0.10648969774914639,-0.4959548032297743,-1.0088891174488688,-1.0691890226492575,-0.7299609813038089
łańcucki,podkarpackie,1.0196187739989835,0.32283860960212457,-0.3029220492375817,-0.8205629987662311,-0.9571316685669714,-0.8329246807668158
ropczycko-sędziszowski,podkarpackie,1.137169472724314,0.297871029236536,-0.17189362266841662,-0.68818305869573,-1.1537288076928425,-0.4792017844654645
rzeszowski,podkarpackie,1.0749661926947436,0.4782445545737933,-0.182511027399619,-0.31126474882595717,-0.9627404026072336,-0.9093903963464216
strzyżowski,podkarpackie,2.7975932885954604,-0.43915539006368226,-0.7861126800471768,-1.3073869911600329,-1.0811741098671603,-0.9636141980566604
Rzeszów,podkarpackie,0.9877767306696336,1.1715156341394002,2.6127511043492513,1.292301021273675,0.08053017749878265,-0.16381946340157846
dębicki,podkarpackie,-0.5089774300022658,0.10115132559363105,-0.7211578548217794,-0.2809147451463879,-0.8476855706624586,-0.5406002162565396
leżajski,podkarpackie,1.9734610503282968,-1.2097707917894298,-0.6152799541293177,-0.62748305133659,-0.8842338193516834,-0.8058537894424462
mielecki,podkarpackie,-0.45712649434740515,0.7265961108732717,0.03342373183921831,-0.10711618520925953,-0.3981538572372131,-0.6305193801315462
niżański,podkarpackie,2.188531298164331,-0.7793766067138898,-0.029271604362802905,-1.0511059548289838,-0.30704282391778,-0.5760555674055672
stalowowolski,podkarpackie,-0.5607406947069588,0.0750664115210742,-0.4280385118086902,-0.021706911265876917,-0.355559860135387,-0.42638277612883957
tarnobrzeski,podkarpackie,0.13931366009766813,-0.3307050492712751,-0.8145317871324527,-0.11657062820237073,-0.9524470292433327,-0.4626537176490577
sokólski,podlaskie,1.7587124167511972,-0.9502321041769723,-0.3748527726128189,-0.4626777420514451,-1.152555375017196,-0.3162553263480966
hajnowski,podlaskie,0.18449417952767938,0.35758630846450995,-0.5540543826318227,0.6667645632023547,-0.6197912489677676,-0.35906906426647495
kolneński,podlaskie,3.0806150365585827,-0.7105295384240266,0.5616944591831574,-0.5577188406576022,-0.17809534386959408,-0.8735987659914473
siemiatycki,podlaskie,-0.1666810926319837,-1.2725483930290948,0.034125709011528615,-0.5600070641962723,-0.639725529738812,-0.4951729872114639
wysokomazowiecki,podlaskie,0.24169247059545287,0.29324995773240775,0.319643955455689,0.4996000777106741,0.03760541629939236,-0.6037968295082933
zambrowski,podlaskie,-0.3513991027116195,-0.19517660888900584,-0.6966544641508002,-0.025431926328828857,-0.15484411922569333,-0.24558218161477088
Łomża,podlaskie,-0.024580049750197164,0.81769329359943,1.665849709261689,0.1466460314125549,0.6734303774622253,-0.19338932181251656
augustowski,podlaskie,0.915246258651818,0.8156379513483402,-0.42158909653808324,0.3893396318473144,-0.26117887437520787,-0.48169087380614534
grajewski,podlaskie,0.8928326263929831,-0.0732217039099074,-0.11094226100385458,0.3201962570121526,-0.17129382843427754,-0.5735096292151235
moniecki,podlaskie,-0.002822414484122796,0.03051100567530019,-0.6443900699935873,-0.33341971936703535,-1.0206110302602922,-0.8518500665172866
sejneński,podlaskie,1.8193659231241264,-0.9247541368094353,0.021643677416375486,-0.5385084058329536,-0.40992238458250035,-0.5564446100019791
suwalski,podlaskie,-0.9617266627837041,-1.2686997991495372,0.4463288982711801,-1.0435140193673502,-0.28897165514358086,-0.6121691786121318
miński,mazowieckie,-0.4893220388417095,1.3396398714298934,0.06703088896360422,-0.12857936723864619,0.6814835546876223,-0.5645929916508154
otwocki,mazowieckie,-0.7030588434003671,2.4429034502363964,0.10431245784930662,0.8721015840058035,-0.19323071666916797,-0.06388554033243961
wołomiński,mazowieckie,-0.2416930023289468,2.4240053369210064,-0.23361277186519258,0.36778775898309685,-0.11833413662307644,0.1865116730761488
piaseczyński,mazowieckie,-0.7882402089813891,2.3717251548295253,0.8949800585244134,0.6652036045093082,0.605228224977767,-0.18761689920974645
pruszkowski,mazowieckie,-0.8100222127156301,2.2912909221711018,0.81439527282178,2.6708404052371164,0.6065082153520871,0.2280266056753959
warszawski zachodni,mazowieckie,-1.0877468866490663,3.55836114011648,1.4470741361536557,2.130074647098388,0.06254475658892461,-0.14269549076214888
ciechanowski,mazowieckie,0.2972499819089787,0.03013856110631075,-0.3507332757079467,0.3162229076116716,-0.35518826066767756,0.19500448138708643
mławski,mazowieckie,-0.3740320795828444,-0.15746314771800085,0.0029315984169613887,-0.2720279234962037,-0.3996056983064411,-0.33829710569124843
płoński,mazowieckie,1.0177337235506958,-0.008968118637580678,-0.011744111841664448,0.06575999004561348,0.07308933767246545,-0.21999836700914124
pułtuski,mazowieckie,1.9916756663918087,-0.36723220551883223,0.05579925420662932,-0.257181077745298,0.3717563221518755,0.012850462065474058
żuromiński,mazowieckie,2.753552153233847,-0.4017591964884831,-0.7944376905750522,-0.7191006837182247,-0.627124763103477,-0.7148521056339159
makowski,mazowieckie,3.7175086616704895,-0.8244286053183163,0.1312727686233738,-0.5826054889115098,-0.019902860584823115,0.09431390505968398
ostrołęcki,mazowieckie,0.827283715499818,,0.011783091824069405,-0.3990686753098091,-0.6243639048706812,-0.8205902263187511
przasnyski,mazowieckie,0.8328488577952485,-0.30286826630013824,-0.022909936238735752,-0.2676820725894275,-0.25026876609753806,0.052829910050515155
wyszkowski,mazowieckie,-1.089337264882319,0.33399815242851194,-0.34818860845831984,-0.6827551796040003,0.0963860441767404,-0.3113585228117447
Ostrołęka,mazowieckie,1.369591104850663,0.17183302824184962,2.0486027624642325,1.6374325359395967,1.8570458371991299,1.9343143729027172
białobrzeski,mazowieckie,0.7349689273261197,0.3361914371125609,0.0036993859491762865,-0.6727153771009985,0.12000306012352095,-0.4403205545717276
kozienicki,mazowieckie,1.6308339541590735,-0.26483753753332745,0.3877686463498025,1.201605773574294,-0.23678395877330666,-0.36769541866926886
lipski,mazowieckie,1.6610511775253984,-1.081194650028297,-0.609806725863956,-0.39901546080891026,-0.769566029655987,-0.5980648617368637
przysuski,mazowieckie,4.4643570177483465,-1.0506817838577545,-0.8020497555372985,-0.24135863281123812,-0.7472760702627177,-0.6949694247463942
radomski,mazowieckie,2.741802581252333,-0.9734616098872768,-0.7738061427451003,-0.7580359602095487,-0.28609780372076427,-0.6901159115699633
szydłowiecki,mazowieckie,4.948062431626482,-1.1614909402537614,-1.0981195963527577,-1.1209056418419052,0.37428827083982635,0.5702425511633513
zwoleński,mazowieckie,1.2143283556545454,-1.1780716206954396,-0.7812317450209525,-0.4984556248227441,-0.41685329755412603,-0.5481405897641416
Radom,mazowieckie,1.8577362762845964,0.3802502501996823,1.27551749627685,0.43199992340159027,0.36271276981283274,0.18212613125209864
gostyniński,mazowieckie,1.4888643960908292,-0.4619986569617014,-0.9866039414951735,-0.27036053580135955,0.4641672656661196,-0.56806180655599
płocki,mazowieckie,0.870006819181082,-0.6399581897221752,-0.28003101238425454,-0.2800100986310993,-0.24660494093095536,-0.7782034447977747
sierpecki,mazowieckie,2.3550713387083793,-0.3740465617070094,-0.46942225979508345,-0.3123822533448427,-0.507163051553349,0.7145378823575808
garwoliński,mazowieckie,0.8935425950398614,0.21873345544792752,-0.22865505808574704,-0.14454371750843745,-0.05939797007112846,-0.5187332227255415
łosicki,mazowieckie,-0.29517216691395903,-0.2630718743914516,-0.6518376090560737,-0.5385261439999188,-0.7899475592984132,-0.468333045719991
siedlecki,mazowieckie,-0.6942401498183588,2.161694006406072,-0.3120806576575755,-0.5069167304657326,-0.47227753574722514,-0.7531348675448186
sokołowski,mazowieckie,-0.2309922525816372,-0.06333123146674333,-0.316928687503848,0.005751771198163279,-0.6706034130881486,-0.1702779395686495
węgrowski,mazowieckie,-0.04497872758876513,-0.5300042764105144,-0.09914026979437755,-0.3546700433928234,-0.6690874629866058,-0.5367723652548837
sochaczewski,mazowieckie,-0.8318792274969917,-0.10607959144075374,-0.1332739097979972,1.6890151254779888,0.08702624048034607,-0.20032864010751286
żyrardowski,mazowieckie,1.1022017281321976,0.36242808786137265,0.34483835490566184,0.5735682339607067,0.02365674445314584,0.14005099293445505
