powiat,Województwo,Przestepstwa_średnia_powiaty,Bezrobotni_średnia_powiaty,Ceny mieszkan,Dochody na mieszkanca,Wynagrodzenie,Rozwody_średnia_powiaty
nowosądecki,małopolskie,0.05515784424066865,0.015018727282791196,242497.0,6290.69,4160.76,0.0006411557408808281
tarnowski,małopolskie,0.014193759708581269,0.009970371767321597,210957.0,5333.95,4149.11,0.000868499282867735
gorzowski,lubuskie,0.015424021382036862,0.005596079959908681,202519.0,5901.75,5012.81,0.001002282977894092
koniński,wielkopolskie,0.008942508054408587,0.014824725304299017,131116.0,5782.76,4184.77,0.0010918625483456745
poznański,wielkopolskie,0.013173976637480213,0.0022866617243382957,335041.0,6356.78,4776.27,0.0010694463924342302
koszaliński,zachodniopomorskie,0.013252105896510229,0.018682310469314078,276635.0,6255.58,4616.89,0.0010679903730445247
drawski,zachodniopomorskie,0.020012277470841007,0.02059107252477418,134655.0,5737.21,4416.33,0.0010348153994562835
myśliborski,zachodniopomorskie,0.01991224595508699,0.008744934336817087,162062.0,5974.11,4503.53,0.0014016271062494287
wałecki,zachodniopomorskie,0.020664039668922867,0.009992646920190803,182538.0,5535.22,4678.73,0.001244367352325647
dzierżoniowski,dolnośląskie,0.016247904536121332,0.005267177844127245,115134.0,5203.7,4690.2,0.0016862904585718112
ząbkowicki,dolnośląskie,0.01725255393352057,0.012067528779975927,115275.0,5589.0,4556.76,0.000956760593808833
włocławski,kujawsko-pomorskie,0.011878610365307948,0.03450840917279775,105159.0,5909.86,4383.49,0.0016388298057812337
bydgoski,kujawsko-pomorskie,0.01344758727029145,0.006117135562801749,258516.0,6132.98,4752.76,0.0021907097056865768
Skierniewice,łódzkie,0.021106697997463036,0.010085466530807462,262841.0,7828.16,4691.83,0.0016011977791178856
Biała Podlaska,lubelskie,0.01875109323071541,0.022354381668707363,197148.0,7560.86,4504.47,0.0015917439216372223
Piekary Śląskie,śląskie,0.15079047792113393,0.009631110303470834,156569.0,6294.59,5375.03,0.0012902053425404324
nowotarski,małopolskie,0.01144528683609515,0.008853802755211646,302352.0,5719.38,4335.07,0.0008603518578385876
białostocki,podlaskie,0.01234534893824652,0.0149922131394082,228851.0,5345.27,4456.25,0.0009758640741656696
łomżyński,podlaskie,0.009402665724437115,0.009127848772157117,223789.0,5848.07,5174.98,0.0008637104214514261
krakowski,małopolskie,0.015635351795415395,0.0075061148335297005,360302.0,5921.48,5788.98,0.0008809657676757186
Tarnów,małopolskie,0.0232506683875726,0.010528256660827878,221795.0,7676.85,5629.79,0.0015856918963768785
Gorzów Wielkopolski,lubuskie,0.026155053434620455,0.0033411806583663003,216377.0,7534.07,4788.88,0.0010597933807408846
częstochowski,śląskie,0.01008509531418379,0.009000037159525845,130337.0,5341.9,4603.86,0.0010404667236446064
Leszno,wielkopolskie,0.029320525942839147,0.006156995512164396,236286.0,8330.92,4824.14,0.001795134241398315
pilski,wielkopolskie,0.018190901610438463,0.006509345245092277,235608.0,5401.36,4928.72,0.0012416245444927707
Zamość,lubelskie,0.01670949130633542,0.01897945993663004,247714.0,8527.67,5013.44,0.0019862225515077953
Przemyśl,podkarpackie,0.014582543788824993,0.027698594473463067,186122.0,7440.19,4522.95,0.0014170607523603948
opolski,opolskie,0.02283475206053236,0.014778408323199568,152896.0,5097.42,4720.08,0.0019423050939062288
opolski,opolskie,0.02283475206053236,0.014778408323199568,152896.0,5097.42,4720.08,0.0009294731907602282
opolski,opolskie,0.02283475206053236,0.007072078625349563,152896.0,5097.42,4720.08,0.0019423050939062288
opolski,opolskie,0.02283475206053236,0.007072078625349563,152896.0,5097.42,4720.08,0.0009294731907602282
opolski,opolskie,0.010927371773111552,0.014778408323199568,152896.0,5097.42,4720.08,0.0019423050939062288
opolski,opolskie,0.010927371773111552,0.014778408323199568,152896.0,5097.42,4720.08,0.0009294731907602282
opolski,opolskie,0.010927371773111552,0.007072078625349563,152896.0,5097.42,4720.08,0.0019423050939062288
opolski,opolskie,0.010927371773111552,0.007072078625349563,152896.0,5097.42,4720.08,0.0009294731907602282
Słupsk,pomorskie,0.019166087714074614,0.005999051620515874,215281.0,7658.25,4841.9,0.0019408696419316064
lubelski,lubelskie,0.008575138526413227,0.007964465243047968,342328.0,5630.81,4253.09,0.0011892058676060322
chrzanowski,małopolskie,0.018179482238067708,0.009683946810560801,181909.0,4924.85,4912.69,0.0015015738421018821
Gliwice,śląskie,0.029831525786240994,0.005464633852734837,260169.0,9021.46,6164.02,0.0017580891698347732
Zabrze,śląskie,0.022870735669528894,0.0064051984219076355,169003.0,6768.75,5232.59,0.0015954977953121373
Chorzów,śląskie,0.024645894978990234,0.005203743727216229,211051.0,7061.95,4910.73,0.0013635478215700278
Katowice,śląskie,0.03366077588856934,0.0029032632679131345,280298.0,8295.22,6525.94,0.0014072287839767192
Mysłowice,śląskie,0.02329196708568978,0.008027553673376398,212938.0,6738.09,4763.73,0.0018628213031708168
Ruda Śląska,śląskie,0.09186808386721025,0.0014269073966220152,152602.0,6610.25,4816.21,0.0015069889341875365
Siemianowice Śląskie,śląskie,0.027528014242755194,0.00415912389102497,201869.0,6831.64,5005.69,0.001451205098666986
Świętochłowice,śląskie,0.0254656254414109,0.005428092903121658,182889.0,6655.81,4609.16,0.0010896543374296266
Jastrzębie-Zdrój,śląskie,0.02129745444711132,0.006930124066123525,148578.0,6861.14,8377.01,0.0010817754639802575
Rybnik,śląskie,0.01960926298715405,0.005525061912554852,196730.0,7469.35,4987.77,0.0009196367796781995
Krosno,podkarpackie,0.1824976777343328,0.005983884556393251,197888.0,9073.3,4424.93,0.0016633902918493876
Żory,śląskie,0.019192598284031245,0.0043859649122807015,215640.0,6805.95,4781.16,0.0010244589576130106
Sosnowiec,śląskie,0.029063778291177855,0.008266074589696661,172675.0,6426.52,5008.83,0.0015402002260293838
mikołowski,śląskie,0.03430649560561673,0.004869178704919689,209190.0,6237.47,5002.48,0.0012627538135165169
Tychy,śląskie,0.01859079865193197,0.0036131358256916686,256342.0,7841.43,5269.32,0.0014421192883454816
Świnoujście,zachodniopomorskie,0.019883584425748387,0.004646840148698885,405727.0,14981.14,5517.68,0.0018342790060653493
Tarnobrzeg,podkarpackie,0.021007594395122474,0.0130067386886298,169870.0,7815.88,4578.25,0.0014119157129104717
wołowski,dolnośląskie,0.01454568755606818,0.02321756589345978,182147.0,5608.6,5907.36,0.0017301038062283738
Wrocław,dolnośląskie,0.028377476593209505,0.004736579303092854,385024.0,7662.14,6140.64,0.002205737094182485
Bydgoszcz,kujawsko-pomorskie,0.020982796748901463,0.00547402280364169,286867.0,6965.45,5252.17,0.0022028202992618972
Toruń,kujawsko-pomorskie,0.02342055230407998,0.009089239353279027,316522.0,7148.87,5331.63,0.0012906620599959294
chełmiński,kujawsko-pomorskie,0.01296100144439095,0.021068849301877707,156096.0,5539.98,4492.13,0.0008473760231102552
Płock,mazowieckie,0.01945991207871049,0.01727444002512037,216867.0,9679.83,6526.04,0.001708185053380783
bocheński,małopolskie,0.01905332310168635,0.0050908682550674725,218025.0,5949.6,4523.92,0.000692507814108443
miechowski,małopolskie,0.017268220738252283,0.008644352492932935,188467.0,5649.14,4415.03,0.0010446966282928428
myślenicki,małopolskie,0.010509404388714734,0.0028369905956112853,300107.0,5842.5,4525.2,0.0008620689655172414
proszowicki,małopolskie,0.0072416824765165885,0.00839850076350007,200197.0,5827.82,4635.66,0.0008560455323677757
wielicki,małopolskie,0.016021868417792094,0.008417482344195266,297311.0,6117.48,5047.98,0.000983459298723826
Kraków,małopolskie,0.02261155285163294,0.00650353285458501,427859.0,7733.72,6482.24,0.0017956270897107615
gorlicki,małopolskie,0.02461289789320941,0.009413515052440168,172567.0,6390.5,4158.62,0.0009000238781845233
limanowski,małopolskie,0.011163899092316566,0.012909444157736559,206061.0,6065.79,4163.22,0.0006223247624540846
Nowy Sącz,małopolskie,0.0297754015800654,0.005036160106928897,248728.0,8177.98,4468.93,0.0013366112132133566
olkuski,małopolskie,0.016112644649648886,0.014790904268232374,191411.0,5452.94,4920.77,0.001078971739931845
oświęcimski,małopolskie,0.01828179768838852,0.008404675344982604,204994.0,5644.3,4911.73,0.0012769894322609229
wadowicki,małopolskie,0.011155831656312887,0.009137157356599127,240773.0,5491.72,4457.27,0.0006499756259140282
brzeski,małopolskie,0.02607268162358773,0.008540680893981824,201580.0,5567.56,4244.82,0.0007832533985686849
brzeski,małopolskie,0.02607268162358773,0.008540680893981824,201580.0,5567.56,4244.82,0.0008128813861297937
brzeski,małopolskie,0.02607268162358773,0.008863747717250903,201580.0,5567.56,4244.82,0.0007832533985686849
brzeski,małopolskie,0.02607268162358773,0.008863747717250903,201580.0,5567.56,4244.82,0.0008128813861297937
brzeski,małopolskie,0.027058928332813682,0.008540680893981824,201580.0,5567.56,4244.82,0.0007832533985686849
brzeski,małopolskie,0.027058928332813682,0.008540680893981824,201580.0,5567.56,4244.82,0.0008128813861297937
brzeski,małopolskie,0.027058928332813682,0.008863747717250903,201580.0,5567.56,4244.82,0.0007832533985686849
brzeski,małopolskie,0.027058928332813682,0.008863747717250903,201580.0,5567.56,4244.82,0.0008128813861297937
dąbrowski,małopolskie,0.013384256599182073,0.020397471862642378,160253.0,5134.72,4425.26,0.0006252746138506776
aleksandrowski,kujawsko-pomorskie,0.02742163948716086,0.024152834780082084,173305.0,5627.39,4138.84,0.0018886427196455162
suski,małopolskie,0.011361477823155096,0.0069213600531864376,202054.0,5602.22,4482.76,0.0005104948238199259
tatrzański,małopolskie,0.02324009871900341,0.017452109531084732,559041.0,6501.64,4655.05,0.0012633681983781877
nowodworski,pomorskie,0.008566605356647938,0.007672150973821462,273620.0,5828.47,4735.14,0.0005417118093174431
nowodworski,pomorskie,0.008566605356647938,0.007672150973821462,273620.0,5828.47,4735.14,0.0012085441259134346
nowodworski,pomorskie,0.008566605356647938,0.017116357504215852,273620.0,5828.47,4735.14,0.0005417118093174431
nowodworski,pomorskie,0.008566605356647938,0.017116357504215852,273620.0,5828.47,4735.14,0.0012085441259134346
nowodworski,pomorskie,0.01911186059584036,0.007672150973821462,273620.0,5828.47,4735.14,0.0005417118093174431
nowodworski,pomorskie,0.01911186059584036,0.007672150973821462,273620.0,5828.47,4735.14,0.0012085441259134346
nowodworski,pomorskie,0.01911186059584036,0.017116357504215852,273620.0,5828.47,4735.14,0.0005417118093174431
nowodworski,pomorskie,0.01911186059584036,0.017116357504215852,273620.0,5828.47,4735.14,0.0012085441259134346
bielski,śląskie,0.050521590344599195,0.014258642577226649,240968.0,5896.81,4819.89,0.00412120766103067
bielski,śląskie,0.050521590344599195,0.014258642577226649,240968.0,5896.81,4819.89,0.0013497228247770546
bielski,śląskie,0.050521590344599195,0.004669799951795613,240968.0,5896.81,4819.89,0.00412120766103067
bielski,śląskie,0.050521590344599195,0.004669799951795613,240968.0,5896.81,4819.89,0.0013497228247770546
bielski,śląskie,0.016546155700168715,0.014258642577226649,240968.0,5896.81,4819.89,0.00412120766103067
bielski,śląskie,0.016546155700168715,0.014258642577226649,240968.0,5896.81,4819.89,0.0013497228247770546
bielski,śląskie,0.016546155700168715,0.004669799951795613,240968.0,5896.81,4819.89,0.00412120766103067
bielski,śląskie,0.016546155700168715,0.004669799951795613,240968.0,5896.81,4819.89,0.0013497228247770546
cieszyński,śląskie,0.016914434511282838,0.008434769432799636,233501.0,5774.39,4660.69,0.0014086008833218287
żywiecki,śląskie,0.012156641964963733,0.01043494199900495,197421.0,5537.56,5011.5,0.0012699992144334757
Bielsko-Biała,śląskie,0.026953704083486168,0.004576270193304934,270755.0,8161.13,5321.66,0.001570346237907455
lubliniecki,śląskie,0.014322899635060365,0.009522439209428262,164505.0,6122.49,4660.07,0.0012164654484571817
tarnogórski,śląskie,0.016118816672478456,0.009251417957713903,223222.0,5975.91,4858.37,0.0015229257253467502
Bytom,śląskie,0.02733219171865451,0.010105105195960378,132778.0,6731.57,5117.47,0.0013191095405505164
kłobucki,śląskie,0.009504557222399545,0.01123050915582036,173886.0,5448.73,4087.42,0.0010875861498268137
myszkowski,śląskie,0.019822234762979684,0.008366252821670429,144641.0,5380.55,4532.46,0.0014249435665914221
Częstochowa,śląskie,0.02379861454500914,0.00562982856468859,238683.0,6869.18,4875.71,0.0015378822590084063
gliwicki,śląskie,0.017640745100754796,0.0051502666020358705,179665.0,5770.03,4696.57,0.0013676338203725503
raciborski,śląskie,0.019933278502185545,0.007734888320041401,144703.0,5402.47,5199.24,0.0006561255325244199
rybnicki,śląskie,0.012491529541124877,0.005446664876682905,146574.0,5530.96,4686.71,0.0008310638896347154
wodzisławski,śląskie,0.013692961906701976,0.0074480545936035855,134687.0,5498.86,4323.1,0.0008466591973925443
będziński,śląskie,0.040590455739453975,0.007036309246466652,175899.0,5757.03,4643.65,0.0014113134669016605
zawierciański,śląskie,0.01745392096850983,0.008858736312317214,131797.0,5428.21,5001.44,0.0013092566142964021
Dąbrowa Górnicza,śląskie,0.037981788176555835,0.007899608789257202,206582.0,7856.67,5811.72,0.001667043636333174
Jaworzno,śląskie,0.017746803490094935,0.005783899467705647,198584.0,7119.52,5976.3,0.0018767491631454755
pszczyński,śląskie,0.013008902715642062,0.004778597620563211,198223.0,5960.97,4674.3,0.001066891401213925
bieruńsko-lędziński,śląskie,0.013734609207708779,0.002743576017130621,185206.0,5812.05,4649.07,0.001355058886509636
międzyrzecki,lubuskie,0.018883001824025015,0.012368626769738557,172501.0,5863.95,4569.86,0.0008164683401372362
słubicki,lubuskie,0.02991753499968037,0.003388096912356965,200101.0,6223.04,4480.78,0.0012359095655138613
strzelecko-drezdenecki,lubuskie,0.02089412148788998,0.011385663857658797,145708.0,5955.55,4560.14,0.0008569854516517375
sulęciński,lubuskie,0.029579745972210383,0.006705879010030404,158145.0,6448.07,4292.99,0.0008524422470377632
krośnieński,lubuskie,0.026938299075306864,0.010614820624122272,163347.0,5248.73,4765.1,0.0009484032172755294
krośnieński,lubuskie,0.026938299075306864,0.010614820624122272,163347.0,5248.73,4765.1,0.00046311552060418763
krośnieński,lubuskie,0.026938299075306864,0.005183331403685331,163347.0,5248.73,4765.1,0.0009484032172755294
krośnieński,lubuskie,0.026938299075306864,0.005183331403685331,163347.0,5248.73,4765.1,0.00046311552060418763
krośnieński,lubuskie,0.013154261998699714,0.010614820624122272,163347.0,5248.73,4765.1,0.0009484032172755294
krośnieński,lubuskie,0.013154261998699714,0.010614820624122272,163347.0,5248.73,4765.1,0.00046311552060418763
krośnieński,lubuskie,0.013154261998699714,0.005183331403685331,163347.0,5248.73,4765.1,0.0009484032172755294
krośnieński,lubuskie,0.013154261998699714,0.005183331403685331,163347.0,5248.73,4765.1,0.00046311552060418763
nowosolski,lubuskie,0.026498444681740098,0.0068712567900088214,161915.0,5497.36,4625.15,0.0012419332373833512
świebodziński,lubuskie,0.01840831690267073,0.006327298799067934,176201.0,6113.69,4659.04,0.0012009320666786162
zielonogórski,lubuskie,0.019719689249460687,0.008946650961500284,162759.0,5724.25,5037.75,0.0012308262417448617
żagański,lubuskie,0.026332121641989538,0.006864843641153598,129178.0,5589.47,4484.13,0.0010765898699226122
żarski,lubuskie,0.02317112505332376,0.007085557324343727,174655.0,5564.83,5047.09,0.0013213888108541167
wschowski,lubuskie,0.021580695835801293,0.012799052303571888,138450.0,5224.44,4470.96,0.001055857433493858
Zielona Góra,lubuskie,0.029832462364220873,0.004517709705286712,242466.0,7266.22,5212.8,0.0013666425910977044
jarociński,wielkopolskie,0.011654067045819767,0.005379875075108645,164868.0,5566.11,4193.08,0.001439291253860235
kaliski,wielkopolskie,0.007539806807506082,0.0038301255028545273,245161.0,5695.11,4195.22,0.0012405752414906175
kępiński,wielkopolskie,0.015606455155798834,0.004162902340082549,207531.0,6535.77,3872.06,0.0011868700288745991
Gdańsk,pomorskie,0.025130227412206656,0.006512963281497195,440878.0,8063.97,6490.53,0.0013166081625458955
krotoszyński,wielkopolskie,0.014713875300877397,0.005914020239666641,184234.0,5219.54,4020.71,0.0013588011491575433
Gdynia,pomorskie,0.020333024826667965,0.003892867001152841,478085.0,7606.84,5848.66,0.00131521262604121
ostrowski,wielkopolskie,0.03417763521734322,0.008184935294768278,191457.0,5738.78,4542.09,0.003152306160822918
ostrowski,wielkopolskie,0.03417763521734322,0.008184935294768278,191457.0,5738.78,4542.09,0.0014110569930870585
ostrowski,wielkopolskie,0.03417763521734322,0.0036637971048576255,191457.0,5738.78,4542.09,0.003152306160822918
ostrowski,wielkopolskie,0.03417763521734322,0.0036637971048576255,191457.0,5738.78,4542.09,0.0014110569930870585
ostrowski,wielkopolskie,0.01529882845136495,0.008184935294768278,191457.0,5738.78,4542.09,0.003152306160822918
ostrowski,wielkopolskie,0.01529882845136495,0.008184935294768278,191457.0,5738.78,4542.09,0.0014110569930870585
ostrowski,wielkopolskie,0.01529882845136495,0.0036637971048576255,191457.0,5738.78,4542.09,0.003152306160822918
ostrowski,wielkopolskie,0.01529882845136495,0.0036637971048576255,191457.0,5738.78,4542.09,0.0014110569930870585
ostrzeszowski,wielkopolskie,0.01254054054054054,0.007279279279279279,186474.0,6011.91,4488.82,0.0012252252252252253
Sopot,pomorskie,0.045829950446541055,0.003359556538536913,740731.0,11330.47,6529.1,0.0010358632660488816
chojnicki,pomorskie,0.01749193507092017,0.015576834451328793,218289.0,7133.31,4395.7,0.0015669005069383992
pleszewski,wielkopolskie,0.012013203415114101,0.00671279398228965,207079.0,5782.24,4471.48,0.001063255784428857
Kalisz,wielkopolskie,0.02306326436965066,0.005316920375875347,199660.0,7630.99,4718.01,0.0016359755002693375
gnieźnieński,wielkopolskie,0.014289840322380998,0.004696805072274409,210856.0,5667.54,4658.83,0.0009489884333438776
kolski,wielkopolskie,0.016776782316925525,0.003954939061653234,175002.0,5541.53,4895.57,0.0013144695423570514
słupecki,wielkopolskie,0.0172994566413325,0.011815088782436482,162009.0,5729.2,4690.36,0.0008971342485231139
turecki,wielkopolskie,0.024173361623000454,0.005280472977805326,159437.0,5750.4,4266.25,0.001215819963287005
wrzesiński,wielkopolskie,0.010911095725312204,0.006346642049388415,205427.0,5769.75,4779.96,0.001179577916249968
Konin,wielkopolskie,0.020932509997007697,0.013764587470417018,191645.0,9196.52,4858.06,0.0014825494409836512
gostyński,wielkopolskie,0.0123965853401486,0.010236075248985614,226246.0,5679.82,4698.58,0.001146124255677926
grodziski,wielkopolskie,0.008284442962391754,0.0032408324041557682,188201.0,5424.54,4433.04,0.00046893073372028803
grodziski,wielkopolskie,0.008284442962391754,0.0032408324041557682,188201.0,5424.54,4433.04,0.0008671689823290232
grodziski,wielkopolskie,0.008284442962391754,0.005993101188985027,188201.0,5424.54,4433.04,0.00046893073372028803
grodziski,wielkopolskie,0.008284442962391754,0.005993101188985027,188201.0,5424.54,4433.04,0.0008671689823290232
grodziski,wielkopolskie,0.015319985354479409,0.0032408324041557682,188201.0,5424.54,4433.04,0.00046893073372028803
grodziski,wielkopolskie,0.015319985354479409,0.0032408324041557682,188201.0,5424.54,4433.04,0.0008671689823290232
grodziski,wielkopolskie,0.015319985354479409,0.005993101188985027,188201.0,5424.54,4433.04,0.00046893073372028803
grodziski,wielkopolskie,0.015319985354479409,0.005993101188985027,188201.0,5424.54,4433.04,0.0008671689823290232
kościański,wielkopolskie,0.011467107838803784,0.004129674298776253,206954.0,5961.64,4582.74,0.0012123814455122944
leszczyński,wielkopolskie,0.008741105924721595,0.004283141903113582,226201.0,6066.65,4953.38,0.0009790038635688187
międzychodzki,wielkopolskie,0.01537373132703872,0.006476014258115425,167088.0,5999.28,4519.7,0.0007890941743081821
nowotomyski,wielkopolskie,0.01356843122460056,0.0029519611347179754,210042.0,5955.99,4807.23,0.0009266245714361357
rawicki,wielkopolskie,0.023298264246125255,0.0064717400683681255,203015.0,5591.5,4357.75,0.0014271016561016893
gołdapski,warmińsko-mazurskie,0.012064895649893215,0.012701862190415527,136196.0,6042.75,4227.65,0.0013114017010753495
wolsztyński,wielkopolskie,0.011941649549141804,0.0032030080423354106,221774.0,5164.65,4489.74,0.000765936705775859
chodzieski,wielkopolskie,0.021294230156200192,0.013601105089788545,179107.0,5803.23,4550.77,0.001232600148762087
czarnkowsko-trzcianecki,wielkopolskie,0.013093459018277962,0.003931486377744568,161433.0,5729.03,4869.3,0.0012415220140246006
węgorzewski,warmińsko-mazurskie,0.017095149748210973,0.01519568866507642,129805.0,5474.84,4314.62,0.0010159908119091792
wągrowiecki,wielkopolskie,0.0133982600771717,0.006236384605527316,190811.0,5690.3,4491.29,0.001395355459684194
złotowski,wielkopolskie,0.01391269281177538,0.009851223481629772,181339.0,5369.29,4041.17,0.0011233851338700617
obornicki,wielkopolskie,0.016782281654826578,0.0038612620142081068,217074.0,5343.18,4854.35,0.0011032177183451734
Olsztyn,warmińsko-mazurskie,0.022665558004174927,0.004814541310276255,292911.0,7924.38,5438.71,0.0016397350839346665
szamotulski,wielkopolskie,0.014291324838540757,0.004396491534299179,223698.0,5709.79,5274.57,0.0009491185198114854
średzki,wielkopolskie,0.0309010693730823,0.012817952395649885,209680.0,6127.1,5004.44,0.0010893443962308683
średzki,wielkopolskie,0.0309010693730823,0.012817952395649885,209680.0,6127.1,5004.44,0.0010190390461794529
średzki,wielkopolskie,0.0309010693730823,0.01199069277671156,209680.0,6127.1,5004.44,0.0010893443962308683
średzki,wielkopolskie,0.0309010693730823,0.01199069277671156,209680.0,6127.1,5004.44,0.0010190390461794529
średzki,wielkopolskie,0.028906740943290477,0.012817952395649885,209680.0,6127.1,5004.44,0.0010893443962308683
średzki,wielkopolskie,0.028906740943290477,0.012817952395649885,209680.0,6127.1,5004.44,0.0010190390461794529
średzki,wielkopolskie,0.028906740943290477,0.01199069277671156,209680.0,6127.1,5004.44,0.0010893443962308683
średzki,wielkopolskie,0.028906740943290477,0.01199069277671156,209680.0,6127.1,5004.44,0.0010190390461794529
śremski,wielkopolskie,0.013268213268213268,0.002328042328042328,214194.0,5425.04,4480.42,0.0011721611721611722
Poznań,wielkopolskie,0.025706181412942467,0.0031094980862469684,364348.0,7931.62,6104.97,0.0011274969007858823
białogardzki,zachodniopomorskie,0.01400336417157275,0.027565180824222036,132212.0,5636.24,4672.61,0.0011774600504625735
kołobrzeski,zachodniopomorskie,0.016516025076160023,0.001598731085878295,376061.0,6893.03,4575.02,0.0012462549409602457
sławieński,zachodniopomorskie,0.01630028146934122,0.019417821641073148,270456.0,6740.5,4350.66,0.0010510564007553355
Koszalin,zachodniopomorskie,0.017608923099917795,0.0109763844256782,0.0,6985.42,4973.23,0.0015039982064120768
choszczeński,zachodniopomorskie,0.04124950770059905,0.021827000808407437,150703.0,5893.16,4599.57,0.0015339012913790603
pyrzycki,zachodniopomorskie,0.01693105552165955,0.014846451088061827,144316.0,5519.32,4428.81,0.0012202562538133007
szczecinecki,zachodniopomorskie,0.012559577482931857,0.023702176993430375,186058.0,5362.05,4827.82,0.000966121344840912
świdwiński,zachodniopomorskie,0.01757126958308364,0.015666466912079444,125766.0,5526.04,4339.7,0.0012199298005307765
łobeski,zachodniopomorskie,0.02319053847830826,0.02564312186614345,150134.0,6288.41,4713.45,0.00158055373882712
Szczecin,zachodniopomorskie,0.026122958793949845,0.0041327968908230015,398619.0,7659.2,5695.84,0.0015127877842386424
goleniowski,zachodniopomorskie,0.024374855922641075,0.0094757404059645,221862.0,5659.77,5102.94,0.0015772679292898654
gryficki,zachodniopomorskie,0.020538513861008346,0.007067372297891401,197635.0,6132.79,4388.97,0.001211075534615193
gryfiński,zachodniopomorskie,0.020199799711780368,0.013885835714809116,179594.0,6109.76,4898.41,0.0015143743435675728
kamieński,zachodniopomorskie,0.02263877954850103,0.023915402455371392,435442.0,7039.08,4304.58,0.0014681163429009127
policki,zachodniopomorskie,0.012398948569161334,0.007860933392848286,371448.0,6367.08,5535.45,0.0017730496453900709
stargardzki,zachodniopomorskie,0.021150549980862996,0.009843076564658113,213656.0,5466.04,4750.37,0.001564242091424958
bolesławiecki,dolnośląskie,0.02873378244897506,0.006459274385980489,223395.0,5530.85,4887.95,0.0016425646204898839
jaworski,dolnośląskie,0.02384468034160747,0.016441854896639796,178062.0,5899.94,4932.98,0.0017160188362997846
jeleniogórski,dolnośląskie,0.02492491075781164,0.013586828324762937,240883.0,5864.83,4526.41,0.001368118129924046
kamiennogórski,dolnośląskie,0.021138324198061935,0.006915053539628576,113548.0,5240.76,4532.19,0.0013876361617983764
lubański,dolnośląskie,0.023611162310613044,0.010137501382386551,145634.0,5268.59,4508.29,0.001400818372838869
zduńskowolski,łódzkie,0.019554082554986443,0.01188611027417897,169250.0,4878.18,4382.66,0.001476348297680024
lwówecki,dolnośląskie,0.02974414806750136,0.013826891671203049,114599.0,5162.36,4622.42,0.0017419706042460534
zgorzelecki,dolnośląskie,0.0388393057361977,0.007332825043727856,167752.0,5655.42,4881.55,0.0017154774184867919
złotoryjski,dolnośląskie,0.027546562428144402,0.020740400091975166,142582.0,5543.44,5118.53,0.0013566337088985975
Jelenia Góra,dolnośląskie,0.04280239308888074,0.005211166061648601,222977.0,6963.89,5183.33,0.0017075422774819444
głogowski,dolnośląskie,0.027844492828443805,0.010852730578438195,215504.0,6448.84,4763.21,0.0014702251352382662
górowski,dolnośląskie,0.032635503297963865,0.022827645540579294,103995.0,5864.88,4432.4,0.0012905075996558647
legnicki,dolnośląskie,0.024598484573831708,0.015226770112025523,176502.0,5657.56,4877.07,0.0013232788311641228
lubiński,dolnośląskie,0.029175694771549694,0.00466321243523316,232689.0,6496.54,8920.41,0.0014319359397079604
polkowicki,dolnośląskie,0.029762942995322287,0.011622928724332038,178080.0,8043.07,5606.23,0.001569808927297233
Legnica,dolnośląskie,0.04467035732259688,0.009280322093608455,229985.0,6964.17,4952.32,0.0018721690991444389
kłodzki,dolnośląskie,0.02056381174206942,0.016266234588217424,144915.0,5577.26,4747.93,0.0014367452340565583
świdnicki,dolnośląskie,0.02133557650027721,0.008137852804914575,201083.0,5585.64,5053.92,0.0015103141070984764
świdnicki,dolnośląskie,0.02133557650027721,0.008137852804914575,201083.0,5585.64,5053.92,0.003298997772828508
świdnicki,dolnośląskie,0.02133557650027721,0.017775612472160356,201083.0,5585.64,5053.92,0.0015103141070984764
świdnicki,dolnośląskie,0.02133557650027721,0.017775612472160356,201083.0,5585.64,5053.92,0.003298997772828508
świdnicki,dolnośląskie,0.04660356347438753,0.008137852804914575,201083.0,5585.64,5053.92,0.0015103141070984764
świdnicki,dolnośląskie,0.04660356347438753,0.008137852804914575,201083.0,5585.64,5053.92,0.003298997772828508
świdnicki,dolnośląskie,0.04660356347438753,0.017775612472160356,201083.0,5585.64,5053.92,0.0015103141070984764
świdnicki,dolnośląskie,0.04660356347438753,0.017775612472160356,201083.0,5585.64,5053.92,0.003298997772828508
wałbrzyski,dolnośląskie,0.02398805991620363,0.011005016993040946,104322.0,5993.74,4385.23,0.0013666360971750194
Wałbrzych,dolnośląskie,0.03724990121771615,0.006097560975609756,124668.0,7679.54,5565.38,0.0017152196558784438
milicki,dolnośląskie,0.012838184815805833,0.010432714397686425,209209.0,5911.46,4338.67,0.001459498905375821
oleśnicki,dolnośląskie,0.014263207450428363,0.00843673381871743,218991.0,5439.48,4773.9,0.001817859773093811
oławski,dolnośląskie,0.022852824682092973,0.008442776735459663,245802.0,5752.98,4987.74,0.0020455493016468627
strzeliński,dolnośląskie,0.018728482901078723,0.017351388570117053,173866.0,5409.24,5161.72,0.0014918521918751435
średzki,dolnośląskie,0.020025781150710797,0.009295738847836743,260727.0,5878.72,5260.9,0.0016158608544091214
średzki,dolnośląskie,0.020025781150710797,0.009295738847836743,260727.0,5878.72,5260.9,0.0015115745851661882
średzki,dolnośląskie,0.020025781150710797,0.00869579986073133,260727.0,5878.72,5260.9,0.0016158608544091214
średzki,dolnośląskie,0.020025781150710797,0.00869579986073133,260727.0,5878.72,5260.9,0.0015115745851661882
średzki,dolnośląskie,0.01873333446559894,0.009295738847836743,260727.0,5878.72,5260.9,0.0016158608544091214
średzki,dolnośląskie,0.01873333446559894,0.009295738847836743,260727.0,5878.72,5260.9,0.0015115745851661882
średzki,dolnośląskie,0.01873333446559894,0.00869579986073133,260727.0,5878.72,5260.9,0.0016158608544091214
średzki,dolnośląskie,0.01873333446559894,0.00869579986073133,260727.0,5878.72,5260.9,0.0015115745851661882
trzebnicki,dolnośląskie,0.016175383857459563,0.00797625889998006,246600.0,5648.33,4611.02,0.0015835219874960412
wrocławski,dolnośląskie,0.017320077946956437,0.003600092479439839,340165.0,7057.57,5868.29,0.0017703207054860124
brzeski,opolskie,0.016394673876889733,0.009978433707792835,173814.0,5220.68,4825.14,0.0012875398332635917
brzeski,opolskie,0.016394673876889733,0.009978433707792835,173814.0,5220.68,4825.14,0.001336243374459935
brzeski,opolskie,0.016394673876889733,0.010355886152064496,173814.0,5220.68,4825.14,0.0012875398332635917
brzeski,opolskie,0.016394673876889733,0.010355886152064496,173814.0,5220.68,4825.14,0.001336243374459935
brzeski,opolskie,0.017014832301456506,0.009978433707792835,173814.0,5220.68,4825.14,0.0012875398332635917
brzeski,opolskie,0.017014832301456506,0.009978433707792835,173814.0,5220.68,4825.14,0.001336243374459935
brzeski,opolskie,0.017014832301456506,0.010355886152064496,173814.0,5220.68,4825.14,0.0012875398332635917
brzeski,opolskie,0.017014832301456506,0.010355886152064496,173814.0,5220.68,4825.14,0.001336243374459935
głubczycki,opolskie,0.012622936424306288,0.014642606252195293,146542.0,5168.19,4703.75,0.0008122585177379697
namysłowski,opolskie,0.013862175728291973,0.013158511985739082,180743.0,5385.47,4807.1,0.0013838720270206877
nyski,opolskie,0.019470679965869302,0.00945214346661959,152918.0,5489.0,4637.57,0.0010445170212139937
prudnicki,opolskie,0.014627876242373772,0.01160454043485345,112251.0,5108.35,4446.16,0.0008689827470717092
kędzierzyńsko-kozielski,opolskie,0.012835534725181083,0.01355986365573072,130547.0,5194.51,5572.19,0.0014060502769492969
kluczborski,opolskie,0.014877042920421567,0.011547273560409348,156862.0,5268.08,4777.86,0.001053917824957996
krapkowicki,opolskie,0.01181232057979199,0.011482893312626476,145919.0,5481.81,5548.87,0.0010039688142187083
skarżyski,świętokrzyskie,0.018826614047654445,0.024827343866145882,160784.0,4957.36,4758.09,0.00114878836615264
oleski,opolskie,0.02854120977400339,0.0071391908916989405,130528.0,5128.96,4479.24,0.0008087972252033658
zamojski,lubelskie,0.010129850549367709,0.016820263470345452,126906.0,5144.25,4135.39,0.0012344282995043442
Chełm,lubelskie,0.020070399793321706,0.018197377769166183,177243.0,8225.53,4581.83,0.0015177937092294776
strzelecki,opolskie,0.012288021534320324,0.007348586810228802,157557.0,5069.37,4854.78,0.0010901749663526244
Opole,opolskie,0.019752411449994144,0.007661967430780646,298341.0,10074.52,5523.14,0.0013277619400945055
toruński,kujawsko-pomorskie,0.014296921869952467,0.013567769624809637,187120.0,5870.86,4394.7,0.0012091005584014029
brodnicki,kujawsko-pomorskie,0.017788285269984955,0.012857630504317484,187217.0,5774.97,4291.16,0.0009861309531334942
golubsko-dobrzyński,kujawsko-pomorskie,0.015882535874539073,0.022346616908792038,141315.0,5612.94,4974.93,0.0008663201386112222
Białystok,podlaskie,0.01989218763652984,0.012945549379272333,291217.0,7585.81,5126.79,0.0013812618885983721
grudziądzki,kujawsko-pomorskie,0.008101794323773547,0.02234206471494607,90477.0,6251.18,4677.24,0.0005467468562055768
Suwałki,podlaskie,0.021961638808452078,0.00801341781587775,236320.0,7339.91,4562.69,0.0020786146391811693
rypiński,kujawsko-pomorskie,0.015016327093777308,0.016212114243664626,157441.0,5878.03,4219.07,0.0014717380306305478
wąbrzeski,kujawsko-pomorskie,0.010264958764695561,0.025179856115107913,144471.0,5738.57,4709.17,0.0008773469029654326
Grudziądz,kujawsko-pomorskie,0.02154331976941336,0.017293997965412006,190097.0,7119.7,4414.17,0.001303407934893184
lipnowski,kujawsko-pomorskie,0.016228136882129277,0.02361977186311787,107588.0,5990.05,4106.9,0.0015513307984790874
radziejowski,kujawsko-pomorskie,0.011433248183328786,0.03777188065772178,105278.0,5664.47,4320.09,0.001339252498697949
Włocławek,kujawsko-pomorskie,0.029731623636049254,0.021923318438702984,189671.0,7343.71,4889.3,0.002220543669175396
inowrocławski,kujawsko-pomorskie,0.015511782447094748,0.020523858986071307,201615.0,5469.95,4597.12,0.0017708085649567622
mogileński,kujawsko-pomorskie,0.016177469913851685,0.017405028606501678,150438.0,5742.46,4263.04,0.0017536552752142748
nakielski,kujawsko-pomorskie,0.01954559673737994,0.01715887893779472,170433.0,5756.18,4423.48,0.0017726593365851397
żniński,kujawsko-pomorskie,0.014090326257301609,0.014531984613192762,165091.0,5680.96,4285.37,0.0017238922923493375
sępoleński,kujawsko-pomorskie,0.0158076773187841,0.020191932969602495,130623.0,5582.38,4308.57,0.0017049883086515977
świecki,kujawsko-pomorskie,0.013956261621796426,0.009590508529387986,198664.0,6367.63,4858.33,0.0017281105990783411
tucholski,kujawsko-pomorskie,0.012297707872599881,0.018394890767418307,136178.0,6024.93,4208.91,0.001550131244445363
gdański,pomorskie,0.055557899889441216,0.007654719003451797,333627.0,6430.33,5014.67,0.0011646650743950915
kartuski,pomorskie,0.014627287531295509,0.0032281899897415294,336708.0,6739.77,4508.01,0.0010473683077828074
pucki,pomorskie,0.016231369110793224,0.00597572793133681,426052.0,7258.31,4741.1,0.0010613261962992017
wejherowski,pomorskie,0.015754248414017243,0.006454100603178392,286445.0,5969.13,4620.89,0.001060382104789622
bytowski,pomorskie,0.016452435667567364,0.014672087678981793,179598.0,6441.5,4905.51,0.0013384176368090104
lęborski,pomorskie,0.018301444452847312,0.014459653633819859,196379.0,6904.18,4800.59,0.0016788928382364063
słupski,pomorskie,0.014763998946152443,0.010842470056542975,253586.0,7122.76,4696.62,0.0014389072411486938
kwidzyński,pomorskie,0.015100872868925386,0.01089282708538726,198594.0,5717.92,4824.01,0.0011181378796258446
malborski,pomorskie,0.019647077359382384,0.01142271939498976,198959.0,5338.47,4559.54,0.001181660627067906
starogardzki,pomorskie,0.017513613031064235,0.008323841917214048,218500.0,6085.97,4969.91,0.0010453559671102929
tczewski,pomorskie,0.01736831190377437,0.01056788331259505,239751.0,5728.64,5031.71,0.0008640951195907645
sztumski,pomorskie,0.014793472471066776,0.007796232627959905,121882.0,5731.95,4719.0,0.0011379594208512905
człuchowski,pomorskie,0.0127306766515111,0.014585004903271819,146958.0,6269.86,4569.32,0.0014085762681643934
kościerski,pomorskie,0.017348117983711202,0.010758309487123046,228072.0,6668.77,4328.66,0.001059322033898305
braniewski,warmińsko-mazurskie,0.023443973290442073,0.029244041526538967,130125.0,5874.7,4460.29,0.001364721937905152
działdowski,warmińsko-mazurskie,0.017132593377239443,0.02354964000061407,151587.0,5634.54,4145.8,0.0014891232594912418
elbląski,warmińsko-mazurskie,0.016203177710580132,0.022565590533289052,143647.0,5884.92,4268.29,0.001398332488507455
iławski,warmińsko-mazurskie,0.019024752635148957,0.0044897124215377,200734.0,5924.13,4219.71,0.001356603753270384
nowomiejski,warmińsko-mazurskie,0.016635479895942676,0.012824608644060062,120590.0,6318.08,3971.83,0.0012322577700698278
ostródzki,warmińsko-mazurskie,0.0166297011070465,0.014344557421436184,202475.0,5555.26,4440.69,0.0016514483778360266
Elbląg,warmińsko-mazurskie,0.026182354568083342,0.00833074918075379,235429.0,6271.12,4952.59,0.0014163949814360065
ełcki,warmińsko-mazurskie,0.017507645259938837,0.015345128877238969,239302.0,5721.16,4364.74,0.0015508955875928353
giżycki,warmińsko-mazurskie,0.017307522319455492,0.010059223901706002,266478.0,5938.33,4515.13,0.00130822947052064
olecki,warmińsko-mazurskie,0.014232165866229355,0.016897036429659132,149324.0,5897.2,4438.76,0.0016984889305376597
piski,warmińsko-mazurskie,0.01911463436358778,0.013948516968023515,132859.0,5523.21,4633.18,0.0009975950832813753
bartoszycki,warmińsko-mazurskie,0.01579563523265363,0.025091296674879,117268.0,5905.78,4589.11,0.0010658559172476456
kętrzyński,warmińsko-mazurskie,0.013823996917296855,0.027535603615753898,125553.0,5645.25,4560.67,0.0012523481527864746
lidzbarski,warmińsko-mazurskie,0.015250121418164158,0.01634288489558038,132633.0,6044.0,4356.34,0.0006556580864497328
mrągowski,warmińsko-mazurskie,0.014529158795868333,0.01083155821711346,198107.0,5918.85,4311.0,0.0012459306297978377
nidzicki,warmińsko-mazurskie,0.02063487232553185,0.006421767051161092,151213.0,6045.79,4207.91,0.001004352192835621
olsztyński,warmińsko-mazurskie,0.015073236525977867,0.011989178189160836,264011.0,6259.16,4823.92,0.0010569407087812842
szczycieński,warmińsko-mazurskie,0.021405096863468635,0.010479128228782287,173253.0,5883.57,4523.23,0.0009369234317343173
łódzki wschodni,łódzkie,0.016514498676900483,0.01195638620651436,274489.0,5878.03,4423.99,0.0012191911774892975
pabianicki,łódzkie,0.02075596650208314,0.011274949493255988,231060.0,5207.02,4675.17,0.0013915551047438616
zgierski,łódzkie,0.014959696110479011,0.00828953784472016,201524.0,5486.43,5081.59,0.0014267396290476965
brzeziński,łódzkie,0.01592449648104304,0.012746083741445853,198365.0,5434.93,4113.7,0.0012973113222845651
Łódź,łódzkie,0.022879926346550658,0.01396591763108858,272698.0,7263.0,5510.99,0.0014898351474613239
bełchatowski,łódzkie,0.014266840457886664,0.01103928922937781,193801.0,7724.21,7002.62,0.0010640278775303914
opoczyński,łódzkie,0.019170630436496465,0.009066302262633694,166987.0,5296.66,4343.35,0.000735815835807952
piotrkowski,łódzkie,0.010530579181855002,0.008319376484625574,143579.0,5652.33,4255.64,0.0008319376484625573
radomszczański,łódzkie,0.016876176272149428,0.007963140513476083,171270.0,5579.85,4368.96,0.0009232626682291111
tomaszowski,łódzkie,0.02417776274135473,0.017689277687827746,203609.0,5806.86,4473.72,0.0014741064739856456
tomaszowski,łódzkie,0.02417776274135473,0.017689277687827746,203609.0,5806.86,4473.72,0.0010470395386160197
tomaszowski,łódzkie,0.02417776274135473,0.012564474463392237,203609.0,5806.86,4473.72,0.0014741064739856456
tomaszowski,łódzkie,0.02417776274135473,0.012564474463392237,203609.0,5806.86,4473.72,0.0010470395386160197
tomaszowski,łódzkie,0.01717316489156275,0.017689277687827746,203609.0,5806.86,4473.72,0.0014741064739856456
tomaszowski,łódzkie,0.01717316489156275,0.017689277687827746,203609.0,5806.86,4473.72,0.0010470395386160197
tomaszowski,łódzkie,0.01717316489156275,0.012564474463392237,203609.0,5806.86,4473.72,0.0014741064739856456
tomaszowski,łódzkie,0.01717316489156275,0.012564474463392237,203609.0,5806.86,4473.72,0.0010470395386160197
Piotrków Trybunalski,łódzkie,0.02234231769051854,0.01124640853741962,220590.0,7530.16,4422.85,0.0012997674100424135
łaski,łódzkie,0.012941223606715013,0.011558956688969911,156642.0,4941.98,4162.46,0.001382266917745102
pajęczański,łódzkie,0.008336587270597422,0.013432253026161656,154500.0,6447.45,4573.46,0.0013276064037485357
poddębicki,łódzkie,0.012357691933443611,0.014887613116668289,205226.0,6732.7,5688.39,0.0011919820959423956
sieradzki,łódzkie,0.013503407719632205,0.010333633597906079,184556.0,5252.56,4741.55,0.0015721399799445927
wieluński,łódzkie,0.020824590851867393,0.012156420478388585,243445.0,5349.74,4342.78,0.0011933487201007133
wieruszowski,łódzkie,0.013323833273957962,0.008075050469065431,169204.0,5427.32,4165.25,0.0015437596484978032
kutnowski,łódzkie,0.015439737389845602,0.017707545899822926,221702.0,5603.84,4786.11,0.001087305449989127
łęczycki,łódzkie,0.017026152330793815,0.013186724827627797,149755.0,5674.56,4822.41,0.0010854925925181417
łowicki,łódzkie,0.018822264049475665,0.009948910997579994,199611.0,5869.13,4460.42,0.0009475153331028566
rawski,łódzkie,0.021587915706289103,0.005824003951267699,209748.0,5763.0,4509.52,0.0008437602897596313
skierniewicki,łódzkie,0.011133232042751611,0.007858752030177607,82167.0,6294.84,4451.49,0.0007858752030177608
kielecki,świętokrzyskie,0.009414983503661382,0.012737918857894812,259402.0,6110.9,4355.66,0.0008946364415243847
konecki,świętokrzyskie,0.02033609657141426,0.01828245135114829,145575.0,5502.37,4481.58,0.0011270004257557165
ostrowiecki,świętokrzyskie,0.014830586248669285,0.015060019823060827,129134.0,4902.1,4448.08,0.001202231929811681
starachowicki,świętokrzyskie,0.023488434402071982,0.01790658212021077,179519.0,5628.0,4690.7,0.0011721889791908547
Kielce,świętokrzyskie,0.02555272719807854,0.014041426313304456,282709.0,8055.07,5218.61,0.0014061954714347299
buski,świętokrzyskie,0.012151516844516453,0.007695960668193754,216685.0,5643.11,4375.49,0.0011592826414883513
jędrzejowski,świętokrzyskie,0.04231719743730894,0.015144239215732205,153582.0,5517.06,4969.29,0.0010892608252614812
kazimierski,świętokrzyskie,0.01163032808828341,0.019155834498349147,162100.0,5404.31,4235.96,0.0006841369463696125
Warszawa,mazowieckie,0.025551501180013158,0.004343096224963114,557082.0,9970.89,7147.46,0.0018244689940792715
opatowski,świętokrzyskie,0.018353203171494942,0.03238687630785771,155445.0,5605.13,4269.94,0.0010174892971644685
pińczowski,świętokrzyskie,0.01803421877408416,0.016158865539742075,143732.0,5165.5,4445.79,0.0012074192056723014
sandomierski,świętokrzyskie,0.011296207330849033,0.01613929392212109,218130.0,5575.22,4966.33,0.0011426048794422011
legionowski,mazowieckie,0.020390437239111187,0.009663954125732597,331829.0,6234.27,5059.53,0.001197453303537547
staszowski,świętokrzyskie,0.014503455193936692,0.011842398573339278,169210.0,5686.89,4825.77,0.0009334596522514489
Siedlce,mazowieckie,0.02329091257913922,0.007840378589243462,263134.0,7277.93,5187.54,0.001982477457312784
włoszczowski,świętokrzyskie,0.011873321644954393,0.01551299407443574,153925.0,5431.23,4722.28,0.0008655318582303203
bialski,lubelskie,0.01541003141588127,0.020673094283754016,176132.0,5875.98,4258.54,0.0010201133860542376
grójecki,mazowieckie,0.019814669772456796,0.003936487269990133,223786.0,5559.86,5088.28,0.0013833650354487291
parczewski,lubelskie,0.017861772925009362,0.013425139004926392,180143.0,5436.12,4478.61,0.001411656247299127
radzyński,lubelskie,0.010228006388256482,0.012623602568894627,168730.0,5773.71,4385.35,0.0010024125862244724
włodawski,lubelskie,0.012906421922665763,0.030558235340129847,132908.0,5788.17,4333.34,0.0011211639245952076
biłgorajski,lubelskie,0.008799135940704922,0.00900722361497835,214346.0,5609.04,4522.48,0.0011989813612897473
chełmski,lubelskie,0.013702668751762504,0.022790781141846336,129012.0,5523.48,4291.62,0.0010767298177250238
hrubieszowski,lubelskie,0.013365793116616545,0.027399875889063917,119859.0,5153.83,4518.56,0.0012251977023565166
krasnostawski,lubelskie,0.013136678364791805,0.027996458945904076,175053.0,4943.47,4548.95,0.0010907711277624965
tomaszowski,lubelskie,0.012191585510258332,0.014185254102124163,158137.0,5577.95,4337.56,0.0013049467146758174
tomaszowski,lubelskie,0.012191585510258332,0.014185254102124163,158137.0,5577.95,4337.56,0.0009268874604141813
tomaszowski,lubelskie,0.012191585510258332,0.010075609986354157,158137.0,5577.95,4337.56,0.0013049467146758174
tomaszowski,lubelskie,0.012191585510258332,0.010075609986354157,158137.0,5577.95,4337.56,0.0009268874604141813
tomaszowski,lubelskie,0.00865953192183249,0.014185254102124163,158137.0,5577.95,4337.56,0.0013049467146758174
tomaszowski,lubelskie,0.00865953192183249,0.014185254102124163,158137.0,5577.95,4337.56,0.0009268874604141813
tomaszowski,lubelskie,0.00865953192183249,0.010075609986354157,158137.0,5577.95,4337.56,0.0013049467146758174
tomaszowski,lubelskie,0.00865953192183249,0.010075609986354157,158137.0,5577.95,4337.56,0.0009268874604141813
lubartowski,lubelskie,0.012121966678739587,0.025624773632741762,217961.0,6066.92,4369.45,0.0009167873958710613
łęczyński,lubelskie,0.013343566307931137,0.010552755053984755,198555.0,6049.71,6391.65,0.0012558650642758716
świdnicki,lubelskie,0.004964281389998789,0.007455981035043111,255980.0,5743.19,5074.45,0.0004970654023362074
świdnicki,lubelskie,0.004964281389998789,0.007455981035043111,255980.0,5743.19,5074.45,0.0010857461024498887
świdnicki,lubelskie,0.004964281389998789,0.01628619153674833,255980.0,5743.19,5074.45,0.0004970654023362074
świdnicki,lubelskie,0.004964281389998789,0.01628619153674833,255980.0,5743.19,5074.45,0.0010857461024498887
świdnicki,lubelskie,0.010843541202672606,0.007455981035043111,255980.0,5743.19,5074.45,0.0004970654023362074
świdnicki,lubelskie,0.010843541202672606,0.007455981035043111,255980.0,5743.19,5074.45,0.0010857461024498887
świdnicki,lubelskie,0.010843541202672606,0.01628619153674833,255980.0,5743.19,5074.45,0.0004970654023362074
świdnicki,lubelskie,0.010843541202672606,0.01628619153674833,255980.0,5743.19,5074.45,0.0010857461024498887
Lublin,lubelskie,0.018664798813363782,0.013841146139900644,325398.0,7136.45,5412.39,0.001648105855484661
janowski,lubelskie,0.008050930888884027,0.02561858714913912,181028.0,5431.78,4437.27,0.0009626113019317858
kraśnicki,lubelskie,0.012942064857154843,0.026807064647396905,160811.0,5188.38,4244.39,0.0012375718420942234
łukowski,lubelskie,0.011795985620131816,0.007405257639304973,221613.0,5808.3,4146.78,0.000795760934691432
opolski,lubelskie,0.013376570733684636,0.020588433995406025,130667.0,5649.62,4252.35,0.0011484934468315093
opolski,lubelskie,0.013376570733684636,0.020588433995406025,130667.0,5649.62,4252.35,0.0005496015388843089
opolski,lubelskie,0.013376570733684636,0.00985241582205842,130667.0,5649.62,4252.35,0.0011484934468315093
opolski,lubelskie,0.013376570733684636,0.00985241582205842,130667.0,5649.62,4252.35,0.0005496015388843089
opolski,lubelskie,0.0064012414528878325,0.020588433995406025,130667.0,5649.62,4252.35,0.0011484934468315093
opolski,lubelskie,0.0064012414528878325,0.020588433995406025,130667.0,5649.62,4252.35,0.0005496015388843089
opolski,lubelskie,0.0064012414528878325,0.00985241582205842,130667.0,5649.62,4252.35,0.0011484934468315093
opolski,lubelskie,0.0064012414528878325,0.00985241582205842,130667.0,5649.62,4252.35,0.0005496015388843089
puławski,lubelskie,0.015471888171206913,0.01002005778763486,233854.0,6422.53,5311.8,0.001281224320288408
rycki,lubelskie,0.01518182467671644,0.014235193255697649,166630.0,5815.18,4386.95,0.0010895191826820034
bieszczadzki,podkarpackie,0.014217134416543575,0.030419128508124078,143980.0,5760.56,4445.97,0.000784711964549483
brzozowski,podkarpackie,0.007808806259246267,0.037213842329220495,169592.0,5595.31,4206.54,0.0006558177131788857
jasielski,podkarpackie,0.009784045835169678,0.025711767298369326,141572.0,5432.57,4560.2,0.0008461877479065667
krośnieński,podkarpackie,0.020700724069379343,0.013934231884586624,118909.0,5804.7,4050.39,0.0018603293877327693
krośnieński,podkarpackie,0.020700724069379343,0.013934231884586624,118909.0,5804.7,4050.39,0.0009084189058005219
krośnieński,podkarpackie,0.020700724069379343,0.0068042357257999874,118909.0,5804.7,4050.39,0.0018603293877327693
krośnieński,podkarpackie,0.020700724069379343,0.0068042357257999874,118909.0,5804.7,4050.39,0.0009084189058005219
krośnieński,podkarpackie,0.010108386843956789,0.013934231884586624,118909.0,5804.7,4050.39,0.0018603293877327693
krośnieński,podkarpackie,0.010108386843956789,0.013934231884586624,118909.0,5804.7,4050.39,0.0009084189058005219
krośnieński,podkarpackie,0.010108386843956789,0.0068042357257999874,118909.0,5804.7,4050.39,0.0018603293877327693
krośnieński,podkarpackie,0.010108386843956789,0.0068042357257999874,118909.0,5804.7,4050.39,0.0009084189058005219
sanocki,podkarpackie,0.017481591354558457,0.01400646289134926,175972.0,5705.19,4431.17,0.0010806801928272501
leski,podkarpackie,0.011724216179418328,0.03513482848606331,163966.0,7804.67,4832.85,0.0007185809916417685
jarosławski,podkarpackie,0.009189418447029864,0.0255058338253761,187788.0,5383.56,4541.33,0.0009563648157542392
lubaczowski,podkarpackie,0.008638643895901625,0.015212706231776446,115488.0,6087.75,4214.71,0.0008149664052737382
przemyski,podkarpackie,0.007183267846774956,0.025884068538096973,137245.0,5782.55,4126.82,0.0009316644387734435
przeworski,podkarpackie,0.009992088001837625,0.02710497434981241,157094.0,5698.45,4255.41,0.0008550062530308058
kolbuszowski,podkarpackie,0.009719500048195868,0.013366320727436301,212850.0,5580.37,4220.93,0.0006908074414420204
łańcucki,podkarpackie,0.008365309874273587,0.019852188182457525,228534.0,5756.36,4327.1,0.000752631124381547
ropczycko-sędziszowski,podkarpackie,0.013017513252365295,0.020720660269744347,226724.0,5875.82,4401.73,0.0006441656042407569
rzeszowski,podkarpackie,0.007359624169312669,0.020261098454892056,239800.0,5866.14,4614.22,0.0007495367036910257
strzyżowski,podkarpackie,0.00664646662105366,0.03298797771478839,173294.0,5315.83,4052.65,0.0006841950933437591
Rzeszów,podkarpackie,0.017165457065970807,0.019616937127945853,290058.0,8414.61,5518.24,0.0013251243578243496
dębicki,podkarpackie,0.012209994161080274,0.008558821572960628,212463.0,5375.05,4631.33,0.000813014139054982
leżajski,podkarpackie,0.008721349286435058,0.026899235980971603,117429.0,5471.58,4435.95,0.0007928499351304598
mielecki,podkarpackie,0.011027367188643349,0.008941899604858774,257804.0,6063.01,4729.31,0.0010610273671886434
niżański,podkarpackie,0.011743681388817973,0.028488188739881962,148630.0,6005.85,4197.13,0.0011112946582768925
stalowowolski,podkarpackie,0.013712194799928327,0.008176391259654648,210572.0,5642.29,4777.46,0.0010845270990314702
tarnobrzeski,podkarpackie,0.013235155291230058,0.013348437647503068,181156.0,5289.92,4723.98,0.0007552157084867366
sokólski,podlaskie,0.015160603425006748,0.02531265932879465,136244.0,5690.78,4528.86,0.0006448130042287736
bielski,podlaskie,0.011701286037569224,0.009806266443434585,198502.0,5569.81,5547.83,0.0007911246849299947
bielski,podlaskie,0.011701286037569224,0.009806266443434585,198502.0,5569.81,5547.83,0.0002590985779705953
bielski,podlaskie,0.011701286037569224,0.0032116172571704025,198502.0,5569.81,5547.83,0.0007911246849299947
bielski,podlaskie,0.011701286037569224,0.0032116172571704025,198502.0,5569.81,5547.83,0.0002590985779705953
bielski,podlaskie,0.003832248734634852,0.009806266443434585,198502.0,5569.81,5547.83,0.0007911246849299947
bielski,podlaskie,0.003832248734634852,0.009806266443434585,198502.0,5569.81,5547.83,0.0002590985779705953
bielski,podlaskie,0.003832248734634852,0.0032116172571704025,198502.0,5569.81,5547.83,0.0007911246849299947
bielski,podlaskie,0.003832248734634852,0.0032116172571704025,198502.0,5569.81,5547.83,0.0002590985779705953
hajnowski,podlaskie,0.014597512321051396,0.013682234217319879,231053.0,5527.4,5165.59,0.0009387467730579676
kolneński,podlaskie,0.007830359723572535,0.03507896050660851,153621.0,6544.64,4475.28,0.0011824368710092756
siemiatycki,podlaskie,0.012807458194736722,0.011087728825832146,112878.0,6063.65,4473.99,0.0009277487384879958
wysokomazowiecki,podlaskie,0.011378825184664087,0.014104818853323953,226389.0,6323.96,5071.35,0.0013014421385860006
zambrowski,podlaskie,0.016090104585679808,0.009723020342489369,190981.0,5397.39,4775.36,0.0011952649120790715
Łomża,podlaskie,0.016776550957184843,0.012137580427357216,264408.0,7551.31,4872.37,0.0016522360791166892
augustowski,podlaskie,0.012984776468967417,0.01908107735758077,264259.0,5648.17,5009.19,0.0011365984707584211
grajewski,podlaskie,0.011777165854691803,0.018915484007625504,199822.0,5931.39,4970.21,0.001186189366659606
moniecki,podlaskie,0.008116401068989408,0.012298327229535782,207342.0,5445.04,4601.73,0.0007176086310996734
sejneński,podlaskie,0.01200160690971176,0.025760771316661647,138091.0,6052.27,4486.11,0.0010545344983428743
suwalski,podlaskie,0.011268711106127711,0.005213881258059091,113157.0,6439.46,4201.41,0.0011212647866793743
miński,mazowieckie,0.011894438476372908,0.008704036861110752,302246.0,6093.65,4717.21,0.0016566791349028641
otwocki,mazowieckie,0.018479799279464745,0.007124935666495111,382226.0,6127.64,5281.35,0.0011740864642305713
wołomiński,mazowieckie,0.021773051636789557,0.010533536035042259,380856.0,5819.55,4997.04,0.0012154080040433376
grodziski,mazowieckie,0.02014318018402926,0.004230797286454154,383737.0,6975.06,5761.51,0.0015839438116774173
grodziski,mazowieckie,0.02014318018402926,0.004230797286454154,383737.0,6975.06,5761.51,0.002929104118089145
grodziski,mazowieckie,0.02014318018402926,0.007823791262790742,383737.0,6975.06,5761.51,0.0015839438116774173
grodziski,mazowieckie,0.02014318018402926,0.007823791262790742,383737.0,6975.06,5761.51,0.002929104118089145
grodziski,mazowieckie,0.03724972539648893,0.004230797286454154,383737.0,6975.06,5761.51,0.0015839438116774173
grodziski,mazowieckie,0.03724972539648893,0.004230797286454154,383737.0,6975.06,5761.51,0.002929104118089145
grodziski,mazowieckie,0.03724972539648893,0.007823791262790742,383737.0,6975.06,5761.51,0.0015839438116774173
grodziski,mazowieckie,0.03724972539648893,0.007823791262790742,383737.0,6975.06,5761.51,0.002929104118089145
nowodworski,mazowieckie,0.022071606742422333,0.012887701882133588,244319.0,6088.29,6096.33,0.001461362090251707
nowodworski,mazowieckie,0.022071606742422333,0.012887701882133588,244319.0,6088.29,6096.33,0.003260258572231591
nowodworski,mazowieckie,0.022071606742422333,0.02875210792580101,244319.0,6088.29,6096.33,0.001461362090251707
nowodworski,mazowieckie,0.022071606742422333,0.02875210792580101,244319.0,6088.29,6096.33,0.003260258572231591
nowodworski,mazowieckie,0.04924114671163575,0.012887701882133588,244319.0,6088.29,6096.33,0.001461362090251707
nowodworski,mazowieckie,0.04924114671163575,0.012887701882133588,244319.0,6088.29,6096.33,0.003260258572231591
nowodworski,mazowieckie,0.04924114671163575,0.02875210792580101,244319.0,6088.29,6096.33,0.001461362090251707
nowodworski,mazowieckie,0.04924114671163575,0.02875210792580101,244319.0,6088.29,6096.33,0.003260258572231591
piaseczyński,mazowieckie,0.016852470509504412,0.006495610284627764,377066.0,6848.5,5164.71,0.0016146079530064107
pruszkowski,mazowieckie,0.022319060706880757,0.006334683446646415,371235.0,6775.03,6295.4,0.0016153141424369544
warszawski zachodni,mazowieckie,0.017443281933683493,0.004282835776854139,463090.0,7351.85,5990.54,0.0013152015377741056
ciechanowski,mazowieckie,0.021884750008387105,0.014515281303467789,207315.0,5712.77,4967.97,0.0010847321158985943
mławski,mazowieckie,0.014870707460138242,0.009555806460496242,193715.0,6035.21,4636.34,0.00106022636521356
płoński,mazowieckie,0.016426585797321203,0.01983826130907253,204480.0,6021.83,4826.77,0.00132101913754681
pułtuski,mazowieckie,0.019489039827107132,0.027033806730472367,178508.0,6083.41,4644.71,0.0014857980858289596
żuromiński,mazowieckie,0.009918213682980657,0.032662598987407504,176005.0,5308.24,4384.3,0.0009347007659353499
makowski,mazowieckie,0.020560456206005523,0.03978437138020137,145364.0,6152.22,4461.25,0.0012697139802191927
ostrołęcki,mazowieckie,0.008527534008617773,0.018431204457779682,,6043.28,4564.72,0.000936223971845602
ostrowski,mazowieckie,0.02289569737860856,0.017600376064594626,189373.0,5892.07,4650.41,0.0012166795708439331
ostrowski,mazowieckie,0.02289569737860856,0.017600376064594626,189373.0,5892.07,4650.41,0.0005446184885599173
ostrowski,mazowieckie,0.02289569737860856,0.007878401544736076,189373.0,5892.07,4650.41,0.0012166795708439331
ostrowski,mazowieckie,0.02289569737860856,0.007878401544736076,189373.0,5892.07,4650.41,0.0005446184885599173
ostrowski,mazowieckie,0.010248729739263898,0.017600376064594626,189373.0,5892.07,4650.41,0.0012166795708439331
ostrowski,mazowieckie,0.010248729739263898,0.017600376064594626,189373.0,5892.07,4650.41,0.0005446184885599173
ostrowski,mazowieckie,0.010248729739263898,0.007878401544736076,189373.0,5892.07,4650.41,0.0012166795708439331
ostrowski,mazowieckie,0.010248729739263898,0.007878401544736076,189373.0,5892.07,4650.41,0.0005446184885599173
przasnyski,mazowieckie,0.02001485403058407,0.018472320085315456,183174.0,6011.65,4638.79,0.0011426177372360078
wyszkowski,mazowieckie,0.015225006736728644,0.004271085960657505,229343.0,5715.09,4404.79,0.0013338722716248988
Ostrołęka,mazowieckie,0.04476034963019883,0.022437806166554605,217587.0,7900.27,5712.81,0.002305254058207665
białobrzeski,mazowieckie,0.013528883567794074,0.017749176893145764,229502.0,6035.91,4410.45,0.0013469021251122418
kozienicki,mazowieckie,0.014484057536210144,0.024367885060919713,185931.0,6386.07,5467.11,0.0011500575028751438
lipski,mazowieckie,0.011454212670484737,0.02459113184153038,126750.0,5476.57,4564.75,0.0008561138336187046
przysuski,mazowieckie,0.01017971294174406,0.045302134845012665,128962.0,5301.3,4653.63,0.0008684115305753226
radomski,mazowieckie,0.010243546893775731,0.03257579239744962,134560.0,5327.05,4362.35,0.0011228503325869553
szydłowiecki,mazowieckie,0.02681992337164751,0.04887578140754184,120929.0,5031.37,4157.78,0.0014871949989917323
zwoleński,mazowieckie,0.012110822319305424,0.021290715036221868,119727.0,5320.28,4508.69,0.001050710612177183
Radom,mazowieckie,0.021715372496700115,0.026044253942120725,232696.0,7195.44,5033.24,0.0014808086255919685
gostyniński,mazowieckie,0.01184881623198735,0.0233190048776142,171638.0,5133.04,4637.28,0.0015367825564043742
płocki,mazowieckie,0.009085009733939001,0.01874684548273127,158737.0,5777.23,4631.84,0.0011446391232244574
sierpecki,mazowieckie,0.02871771182199638,0.02971859722061824,178014.0,5604.56,4613.59,0.0010008853986218577
garwoliński,mazowieckie,0.012497591323258183,0.018920729301437865,220987.0,5824.07,4708.21,0.0012479239500463384
łosicki,mazowieckie,0.013160460128680055,0.010138428543575747,186059.0,5438.25,4486.1,0.0008448690452979788
siedlecki,mazowieckie,0.009414714485877928,0.007190088739214867,361840.0,5748.01,4503.92,0.0010201322484698016
sokołowski,mazowieckie,0.017080514459891456,0.010612593859192625,200539.0,5743.59,4792.94,0.0009107129581443758
węgrowski,mazowieckie,0.01226033848865121,0.011986873689647837,166708.0,5942.15,4589.75,0.0009115493300112424
sochaczewski,mazowieckie,0.016685284261273442,0.0061732024222470455,197440.0,5911.03,5741.89,0.0013287083308836497
żyrardowski,mazowieckie,0.02116199553789489,0.020462316334209033,231404.0,6346.93,5113.05,0.0012937464520983775
